escala,codigoterminal,nometerminal,situacao,dataatracacao,horaatracacao,datadesatracacao,horadesatracacao,localatracacao
17000217330,brssz016,santos brasil,atracada,29/06/2017,11:46:00,01/07/2017,08:16:00,santos brasil
17000232720,brssz031,codesp,atracada,30/06/2017,09:15:00,01/07/2017,08:23:00,cais do saboo pos 1
17000223306,brssz031,codesp,atracada,26/06/2017,12:54:00,01/07/2017,10:17:00,berco 39 adm terminal
17000232755,brssz031,codesp,atracada,29/06/2017,03:14:00,01/07/2017,11:12:00,tev
17000216288,brssz058,brasil terminal portuario - btp,atracada,30/06/2017,16:10:00,01/07/2017,17:41:00,btp 3
17000218205,brssz016,santos brasil,atracada,25/06/2017,03:33:00,01/07/2017,23:13:00,tecon
17000225040,brssz007,cutrale,atracada,29/06/2017,15:03:00,02/07/2017,09:24:00,terminal cutrale - porto de santos
17000221761,brssz031,codesp,atracada,29/06/2017,04:53:00,02/07/2017,10:41:00,berco 39
17000236629,brssz021,ultrafertil,atracada,30/06/2017,10:39:00,02/07/2017,11:02:00,tiplam 3
17000232178,brssz031,codesp,atracada,30/06/2017,13:43:00,02/07/2017,13:50:00,arm 15
17000218159,brssz016,santos brasil,atracada,01/07/2017,18:19:00,02/07/2017,14:00:00,santos brasil quay 3
17000172221,brssz035,grupo libra (pier 35),atracada,30/06/2017,23:45:00,02/07/2017,15:05:00,libra 35.1 - porto de santos
17000216210,brssz009,embraport empresa brasileira de terminais portuarios,atracada,28/06/2017,22:51:00,03/07/2017,03:37:00,embraport 2
17000228995,brssz031,codesp,atracada,29/06/2017,09:33:00,03/07/2017,05:05:00,
17000214064,brssz031,codesp,atracada,01/07/2017,12:58:00,03/07/2017,05:06:00,copersucar - 20/21
17000234910,brssz058,brasil terminal portuario - btp,atracada,02/07/2017,13:21:00,03/07/2017,07:00:00,tecon03
17000227921,brssz031,codesp,atracada,24/06/2017,10:19:00,03/07/2017,07:09:00,rumo 19
17000223497,brssz081,terminal de graneis do guaruja - tgg,atracada,29/06/2017,22:08:00,03/07/2017,09:13:00,tgg
17000236904,brssz031,codesp,atracada,27/06/2017,10:23:00,03/07/2017,09:17:00,arm 12-a
17000192605,brssz058,brasil terminal portuario - btp,atracada,02/07/2017,18:42:00,03/07/2017,10:55:00,btp-1
17000172230,brssz035,grupo libra (pier 35),atracada,29/06/2017,21:14:00,03/07/2017,10:57:00,t35-2
17000224540,brssz035,grupo libra (pier 35),atracada,29/06/2017,08:59:00,03/07/2017,11:27:00,libra 35.1
17000205049,brssz016,santos brasil,atracada,02/07/2017,04:26:00,03/07/2017,12:50:00,santos brasil quay 2
17000190190,brssz005,dow brasil sudeste industrial ltda,atracada,23/06/2017,11:53:00,03/07/2017,16:26:00,dow quimica
17000218698,brssz031,codesp,atracada,02/07/2017,20:11:00,03/07/2017,17:38:00,saboo.1
17000218078,brssz016,santos brasil,atracada,03/07/2017,08:09:00,04/07/2017,05:13:00,santos brasil
17000240367,brssz031,codesp,atracada,03/07/2017,05:30:00,04/07/2017,08:24:00,tev
17000236050,brssz009,embraport empresa brasileira de terminais portuarios,atracada,03/07/2017,10:33:00,04/07/2017,10:48:00,
17000216270,brssz016,santos brasil,atracada,28/06/2017,05:26:00,04/07/2017,10:52:00,
17000221117,brssz035,grupo libra (pier 35),atracada,03/07/2017,10:49:00,04/07/2017,13:33:00,35 p1
17000214650,brssz031,codesp,atracada,01/07/2017,10:01:00,04/07/2017,15:36:00,berco 38 - corredor de exportacao
17000233654,brssz031,codesp,atracada,29/06/2017,17:28:00,04/07/2017,16:27:00,out 3
17000224990,brssz031,codesp,atracada,29/06/2017,13:57:00,04/07/2017,17:12:00,saboo e arm29/30
17000223691,brssz016,santos brasil,atracada,03/07/2017,13:33:00,04/07/2017,19:38:00,tc
17000197186,brssz009,embraport empresa brasileira de terminais portuarios,atracada,04/07/2017,07:14:00,05/07/2017,04:07:00,emb-2
17000242556,brssz031,codesp,atracada,03/07/2017,15:15:00,05/07/2017,07:20:00,16/17
17000232739,brssz031,codesp,atracada,04/07/2017,09:09:00,05/07/2017,10:28:00,tev
17000234855,brssz031,codesp,operando fundeada,21/06/2017,23:05:00,05/07/2017,11:12:00,"area de transbordo 1 e 2, descrita no ade 21/2016"
17000226208,brssz021,ultrafertil,atracada,30/06/2017,10:35:00,05/07/2017,12:00:00,tiplam 2
17000234340,brssz016,santos brasil,atracada,04/07/2017,16:35:00,05/07/2017,16:39:00,tecon
17000234200,brssz016,santos brasil,atracada,03/07/2017,23:24:00,05/07/2017,20:27:00,embraport quay 1
17000227174,brssz016,santos brasil,atracada,05/07/2017,10:55:00,06/07/2017,03:01:00,tc
17000237064,brssz031,codesp,atracada,04/07/2017,06:31:00,06/07/2017,04:58:00,armazem 31 e 15
17000227093,brssz031,codesp,atracada,05/07/2017,05:06:00,06/07/2017,04:59:00,tev
17000233115,brssz081,terminal de graneis do guaruja - tgg,atracada,04/07/2017,16:20:00,06/07/2017,06:01:00,tgg
17000183304,brssz031,codesp,atracada,05/07/2017,17:12:00,06/07/2017,08:34:00,saboo pto 1 - porto de santos
17000192117,brssz058,brasil terminal portuario - btp,atracada,05/07/2017,04:31:00,06/07/2017,10:03:00,btp01
17000237595,brssz031,codesp,atracada,05/07/2017,17:24:00,06/07/2017,10:05:00,copersucar - armazem 20/21
17000244583,brssz031,codesp,atracada,03/07/2017,23:32:00,06/07/2017,10:11:00,tiplam 3
17000192630,brssz058,brasil terminal portuario - btp,atracada,04/07/2017,23:06:00,06/07/2017,16:16:00,btp 2 - porto de santos
17000218337,brssz009,embraport empresa brasileira de terminais portuarios,atracada,05/07/2017,23:29:00,06/07/2017,18:07:00,embraport 1
17000205510,brssz031,codesp,atracada,06/07/2017,06:54:00,06/07/2017,20:22:00,tev
17000240812,brssz031,codesp,atracada,03/07/2017,16:59:00,06/07/2017,23:33:00,alamoa pier 3
17000236530,brssz031,codesp,atracada,04/07/2017,07:32:00,07/07/2017,03:26:00,adm
17000233840,brssz031,codesp,atracada,04/07/2017,08:05:00,07/07/2017,03:26:00,rumo 19
17000226852,brssz031,codesp,atracada,28/06/2017,13:12:00,07/07/2017,17:18:00,arm 29
17000240030,brssz016,santos brasil,atracada,05/07/2017,18:29:00,08/07/2017,04:49:00,tecon 03
17000234154,brssz016,santos brasil,atracada,07/07/2017,04:40:00,08/07/2017,06:42:00,tc
17000231449,brssz021,ultrafertil,atracada,06/07/2017,09:17:00,08/07/2017,07:02:00,tiplam 3
17000234960,brssz016,santos brasil,atracada,07/07/2017,08:01:00,08/07/2017,07:55:00,tecon2
17000243234,brssz035,grupo libra (pier 35),atracada,06/07/2017,17:39:00,08/07/2017,09:25:00,35 p.2
17000221389,brssz035,grupo libra (pier 35),atracada,06/07/2017,17:24:00,08/07/2017,13:20:00,libra 35.1 - porto de santos
17000236165,brssz031,codesp,atracada,03/07/2017,17:40:00,08/07/2017,20:12:00,teg
17000218248,brssz058,brasil terminal portuario - btp,atracada,08/07/2017,06:45:00,08/07/2017,23:23:00,btp
17000237510,brssz016,santos brasil,atracada,08/07/2017,10:07:00,09/07/2017,04:35:00,
17000192621,brssz058,brasil terminal portuario - btp,atracada,08/07/2017,17:38:00,09/07/2017,11:21:00,btp 03
17000230493,brssz009,embraport empresa brasileira de terminais portuarios,atracada,08/07/2017,21:05:00,09/07/2017,20:17:00,
17000226739,brssz031,codesp,atracada,08/07/2017,13:59:00,09/07/2017,21:18:00,companhia auxiliar de armazens gerais
17000217403,brssz016,santos brasil,atracada,09/07/2017,05:57:00,10/07/2017,07:03:00,tc
17000242459,brssz081,terminal de graneis do guaruja - tgg,atracada,06/07/2017,06:05:00,10/07/2017,09:02:00,tgg
17000234260,brssz016,santos brasil,atracada,09/07/2017,10:35:00,10/07/2017,09:55:00,tecon
17000245830,brssz007,cutrale,atracada,02/07/2017,14:02:00,10/07/2017,10:43:00,cutrale
17000242424,brssz031,codesp,atracada,07/07/2017,20:03:00,10/07/2017,11:58:00,copersucar 20-21
17000214749,brssz035,grupo libra (pier 35),atracada,09/07/2017,03:35:00,10/07/2017,12:57:00,35.2
17000250311,brssz031,codesp,atracada,08/07/2017,10:05:00,10/07/2017,15:25:00,teg
17000248775,brssz021,ultrafertil,atracada,07/07/2017,10:39:00,10/07/2017,16:47:00,tiplam
17000187547,brssz005,dow brasil sudeste industrial ltda,atracada,28/06/2017,22:33:00,10/07/2017,21:17:00,dow quimica
17000250095,brssz031,codesp,atracada,09/07/2017,20:38:00,10/07/2017,22:04:00,az. 20/21
17000234030,brssz058,brasil terminal portuario - btp,atracada,09/07/2017,05:58:00,10/07/2017,23:20:00,btp
17000244605,brssz031,codesp,atracada,09/07/2017,22:25:00,11/07/2017,00:09:00,rumo logistica - armazem 16/17
17000216261,brssz009,embraport empresa brasileira de terminais portuarios,atracada,08/07/2017,19:45:00,11/07/2017,08:22:00,berco 01
17000245628,brssz016,santos brasil,atracada,10/07/2017,11:52:00,11/07/2017,12:15:00,santos brasil
17000249518,brssz021,ultrafertil,atracada,08/07/2017,20:32:00,11/07/2017,18:25:00,tiplam
17000217977,brssz009,embraport empresa brasileira de terminais portuarios,atracada,10/07/2017,23:19:00,11/07/2017,23:45:00,embraport
17000206428,brssz009,embraport empresa brasileira de terminais portuarios,atracada,11/07/2017,07:35:00,12/07/2017,00:15:00,embraport 2 - porto de santos
17000194209,brssz058,brasil terminal portuario - btp,atracada,11/07/2017,08:23:00,12/07/2017,04:15:00,btp-3
17000244729,brssz081,terminal de graneis do guaruja - tgg,atracada,09/07/2017,20:16:00,12/07/2017,12:12:00,tgg
17000232151,brssz031,codesp,atracada,08/07/2017,20:01:00,12/07/2017,16:29:00,38
17000212649,brssz058,brasil terminal portuario - btp,atracada,11/07/2017,09:03:00,12/07/2017,20:33:00,btp / p2
17000249550,brssz016,santos brasil,atracada,11/07/2017,19:20:00,12/07/2017,22:02:00,tecon03
17000221079,brssz035,grupo libra (pier 35),atracada,11/07/2017,06:22:00,12/07/2017,22:48:00,libra 35.1 - porto de santos
17000243986,brssz016,santos brasil,atracada,12/07/2017,06:36:00,13/07/2017,05:53:00,santos brasil
17000251024,brssz031,codesp,atracada,11/07/2017,15:14:00,13/07/2017,08:16:00,arm 15
17000188098,brssz035,grupo libra (pier 35),atracada,12/07/2017,00:16:00,13/07/2017,08:35:00,libra 35.2
17000245679,brssz009,embraport empresa brasileira de terminais portuarios,atracada,12/07/2017,07:34:00,13/07/2017,08:48:00,
17000194144,brssz058,brasil terminal portuario - btp,atracada,12/07/2017,04:14:00,13/07/2017,10:26:00,btp-3
17000239504,brssz031,codesp,atracada,09/07/2017,08:12:00,13/07/2017,12:13:00,
17000226836,brssz031,codesp,atracada,04/07/2017,20:23:00,13/07/2017,16:03:00,armazem 29
17000240340,brssz031,codesp,atracada,13/07/2017,04:14:00,13/07/2017,18:25:00,saboo 1 - porto de santos
17000255151,brssz031,codesp,atracada,13/07/2017,09:14:00,13/07/2017,22:07:00,tev
17000111761,brssz016,santos brasil,atracada,07/05/2017,17:22:00,14/07/2017,03:02:00,libra - 35.2
17000243978,brssz016,santos brasil,atracada,13/07/2017,08:19:00,14/07/2017,04:40:00,tc02
17000238249,brssz031,codesp,atracada,11/07/2017,20:47:00,14/07/2017,04:44:00,saboo p.2
17000237560,brssz058,brasil terminal portuario - btp,atracada,13/07/2017,11:47:00,14/07/2017,06:36:00,
17000241673,brssz031,codesp,atracada,08/07/2017,06:17:00,14/07/2017,07:08:00,
17000232992,brssz057,ecoporto santos s/a,atracada,14/07/2017,07:09:00,14/07/2017,14:47:00,saboo corte
17000253469,brssz031,codesp,atracada,11/07/2017,05:32:00,14/07/2017,16:48:00,teag - terminal de exportacao de acucar do guaruja
17000259033,brssz031,codesp,atracada,12/07/2017,23:10:00,14/07/2017,17:39:00,rumo logistica - armazem 16/17
17000229932,brssz031,codesp,atracada,10/07/2017,20:19:00,14/07/2017,18:53:00,teg
17000243919,brssz016,santos brasil,atracada,13/07/2017,15:56:00,14/07/2017,19:01:00,tecon
17000251032,brssz031,codesp,atracada,10/07/2017,12:19:00,14/07/2017,23:13:00,saboo 03
17000234294,brssz016,santos brasil,atracada,14/07/2017,16:44:00,15/07/2017,09:03:00,santos brasil
17000252055,brssz031,codesp,atracada,14/07/2017,16:16:00,15/07/2017,09:51:00,tev
17000254945,brssz031,codesp,atracada,14/07/2017,13:36:00,15/07/2017,10:14:00,saboo 2 - porto de santos
17000254899,brssz031,codesp,atracada,13/07/2017,09:41:00,15/07/2017,10:38:00,berco 15
17000254465,brssz031,codesp,atracada,14/07/2017,04:00:00,15/07/2017,11:24:00,berco 16/17
17000225740,brssz035,grupo libra (pier 35),atracada,14/07/2017,04:19:00,15/07/2017,15:27:00,libra 35.2
17000228928,brssz031,codesp,atracada,11/07/2017,04:33:00,15/07/2017,16:05:00,tgg
17000225775,brssz035,grupo libra (pier 35),atracada,14/07/2017,16:53:00,15/07/2017,16:42:00,35-p1
17000256956,brssz081,terminal de graneis do guaruja - tgg,atracada,13/07/2017,08:26:00,16/07/2017,05:12:00,tgg
17000253523,brssz031,codesp,atracada,15/07/2017,23:23:00,16/07/2017,05:13:00,saboo p.2/3
17000250389,brssz021,ultrafertil,atracada,11/07/2017,21:39:00,16/07/2017,05:23:00,ultrafertil sa
17000217365,brssz016,santos brasil,atracada,15/07/2017,18:40:00,16/07/2017,21:16:00,santos brasil
17000254805,brssz031,codesp,atracada,16/07/2017,06:43:00,16/07/2017,21:29:00,cais do saboo
17000260007,brssz031,codesp,atracada,16/07/2017,12:11:00,16/07/2017,21:30:00,tev
17000227212,brssz016,santos brasil,atracada,16/07/2017,13:19:00,17/07/2017,07:54:00,santos brasil quay 2
17000236157,brssz009,embraport empresa brasileira de terminais portuarios,atracada,16/07/2017,04:21:00,17/07/2017,08:47:00,embraport 2
17000253434,brssz031,codesp,atracada,11/07/2017,05:31:00,17/07/2017,11:10:00,20/21
17000239474,brssz031,codesp,atracada,14/07/2017,23:32:00,17/07/2017,13:06:00,armazem 15 & 29/30
17000204930,brssz031,codesp,atracada,06/07/2017,03:05:00,17/07/2017,15:42:00,
17000235436,brssz021,ultrafertil,atracada,14/07/2017,03:32:00,17/07/2017,19:01:00,rumo 19
17000254627,brssz016,santos brasil,atracada,16/07/2017,23:21:00,17/07/2017,20:13:00,tecon03
17000253310,brssz009,embraport empresa brasileira de terminais portuarios,atracada,17/07/2017,08:46:00,17/07/2017,22:26:00,embraport
17000243722,brssz058,brasil terminal portuario - btp,atracada,17/07/2017,06:08:00,18/07/2017,08:42:00,brasil terminal portuario - btp
17000252845,brssz031,codesp,atracada,17/07/2017,11:22:00,18/07/2017,11:24:00,tev
17000129687,brssz031,codesp,atracada,06/06/2017,10:32:00,18/07/2017,17:04:00,armaz. 20/21
17000206584,brssz031,codesp,atracada,28/06/2017,14:50:00,18/07/2017,17:04:00,brssz031
17000194993,brssz031,codesp,atracada,09/06/2017,19:07:00,18/07/2017,17:05:00,teg - terminal
17000195051,brssz031,codesp,atracada,11/06/2017,04:34:00,18/07/2017,17:05:00,brssz031
17000200020,brssz031,codesp,atracada,15/06/2017,05:41:00,18/07/2017,17:06:00,brssz031
17000208161,brssz031,codesp,atracada,08/07/2017,21:10:00,18/07/2017,17:06:00,rumo terminal - arm 19
17000208137,brssz031,codesp,atracada,16/06/2017,10:13:00,18/07/2017,17:08:00,armazem 38
17000219058,brssz031,codesp,atracada,16/06/2017,20:22:00,18/07/2017,17:08:00,rumo - t16
17000200047,brssz031,codesp,atracada,24/06/2017,10:39:00,18/07/2017,17:08:00,armazem 39 - adm
17000182197,brssz031,codesp,atracada,04/07/2017,19:25:00,18/07/2017,17:09:00,arm 38 - corredor
17000195175,brssz031,codesp,atracada,21/06/2017,06:57:00,18/07/2017,17:09:00,out 2/3 - arm 27 - t-grao terminal
17000233522,brssz021,ultrafertil,atracada,10/07/2017,07:54:00,18/07/2017,17:10:00,tiplam pier 2
17000241720,brssz031,codesp,atracada,02/07/2017,16:23:00,18/07/2017,17:10:00,rumo - t19
17000241665,brssz081,terminal de graneis do guaruja - tgg,atracada,15/07/2017,11:06:00,18/07/2017,17:10:00,tgg - lado esquerdo
17000253477,brssz016,santos brasil,atracada,18/07/2017,00:49:00,19/07/2017,08:07:00,
17000255208,brssz035,grupo libra (pier 35),atracada,17/07/2017,08:43:00,19/07/2017,08:15:00,libra 35.2
17000255232,brssz031,codesp,atracada,15/07/2017,13:37:00,19/07/2017,10:14:00,cutrale - porto de santos
17000262107,brssz031,codesp,atracada,14/07/2017,07:07:00,19/07/2017,12:27:00,berco 39
17000254783,brssz031,codesp,operando fundeada,11/07/2017,18:25:00,19/07/2017,14:23:00,"area de transbordo 1 e 2, descrita no ade 21/2016"
17000104161,brssz031,codesp,operando fundeada,25/03/2017,09:06:00,19/07/2017,14:36:00,"area de transbordo 1 e 2, descrita no ade 21/2016"
17000188128,brssz058,brasil terminal portuario - btp,atracada,19/07/2017,00:09:00,19/07/2017,22:42:00,btp 3
17000218710,brssz031,codesp,atracada,19/07/2017,06:27:00,19/07/2017,22:55:00,saboo 1 - porto de santos
17000217101,brssz031,codesp,atracada,18/07/2017,23:32:00,19/07/2017,23:13:00,tev
17000243854,brssz009,embraport empresa brasileira de terminais portuarios,atracada,17/07/2017,11:21:00,20/07/2017,03:30:00,embraport
17000244079,brssz016,santos brasil,atracada,19/07/2017,06:42:00,20/07/2017,06:52:00,tc
17000231813,brssz031,codesp,atracada,11/07/2017,08:49:00,20/07/2017,08:37:00,alamoa pier 4
17000233867,brssz058,brasil terminal portuario - btp,atracada,01/07/2017,03:08:00,02/07/2017,20:21:00,btp02
17000233905,brssz058,brasil terminal portuario - btp,atracada,06/07/2017,17:06:00,07/07/2017,16:45:00,btp03
17000233972,brssz058,brasil terminal portuario - btp,atracada,02/07/2017,22:21:00,03/07/2017,18:53:00,btp02
17000234421,brssz058,brasil terminal portuario - btp,atracada,16/07/2017,18:35:00,17/07/2017,20:58:00,btp03
17000246268,brssz031,codesp,atracada,07/07/2017,13:42:00,20/07/2017,10:35:00,cutrale
17000243404,brssz031,codesp,atracada,14/07/2017,23:44:00,20/07/2017,10:37:00,teg
17000152760,brssz003,nome do terminal nao encontrado,atracada,05/05/2017,23:58:00,20/07/2017,15:33:00,teag
17000258363,brssz058,brasil terminal portuario - btp,atracada,16/07/2017,05:58:00,17/07/2017,03:48:00,btp02
17000239970,brssz058,brasil terminal portuario - btp,atracada,14/07/2017,22:09:00,15/07/2017,21:59:00,btp03
17000249542,brssz058,brasil terminal portuario - btp,atracada,10/07/2017,05:03:00,11/07/2017,12:20:00,btp 01
17000258509,brssz058,brasil terminal portuario - btp,atracada,17/07/2017,15:23:00,19/07/2017,03:13:00,btp 02
17000255240,brssz021,ultrafertil,atracada,14/07/2017,03:37:00,20/07/2017,18:17:00,tiplam
17000211162,brssz058,brasil terminal portuario - btp,atracada,01/07/2017,22:09:00,03/07/2017,09:23:00,btp03
17000260040,brssz031,codesp,atracada,19/07/2017,22:05:00,20/07/2017,21:11:00,tev
17000234235,brssz009,embraport empresa brasileira de terminais portuarios,atracada,19/07/2017,16:00:00,20/07/2017,22:50:00,embraport
17000264940,brssz031,codesp,atracada,19/07/2017,08:33:00,21/07/2017,09:01:00,
17000226178,brssz021,ultrafertil,atracada,16/07/2017,05:11:00,21/07/2017,11:30:00,tiplam 3
17000250559,brssz058,brasil terminal portuario - btp,atracada,19/07/2017,21:23:00,21/07/2017,13:37:00,btp 01
17000225783,brssz035,grupo libra (pier 35),atracada,19/07/2017,20:34:00,21/07/2017,14:29:00,libra 35.2
17000248740,brssz031,codesp,atracada,10/07/2017,21:18:00,21/07/2017,15:29:00,armazem 29
17000258100,brssz031,codesp,atracada,20/07/2017,21:10:00,21/07/2017,16:41:00,tev
17000260694,brssz031,codesp,atracada,18/07/2017,06:12:00,21/07/2017,17:20:00,arm 12-a
17000257375,brssz058,brasil terminal portuario - btp,atracada,20/07/2017,18:21:00,21/07/2017,20:16:00,btp03
17000262000,brssz031,codesp,atracada,16/07/2017,23:39:00,21/07/2017,22:29:00,berco 16/17
17000254686,brssz016,santos brasil,atracada,21/07/2017,16:01:00,22/07/2017,06:59:00,tecon 3
17000247299,brssz031,codesp,atracada,17/07/2017,19:11:00,22/07/2017,07:00:00,teg
17000250788,brssz031,codesp,atracada,16/07/2017,00:37:00,22/07/2017,07:01:00,elevacoes portuarias s.a
17000226330,brssz058,brasil terminal portuario - btp,atracada,19/07/2017,11:51:00,22/07/2017,09:29:00,btp 3
17000259084,brssz031,codesp,atracada,16/07/2017,05:24:00,22/07/2017,10:58:00,teag - terminal de exportacao de acucar do guaruja
17000241967,brssz031,codesp,atracada,20/07/2017,15:07:00,22/07/2017,15:06:00,38
17000264126,brssz058,brasil terminal portuario - btp,atracada,21/07/2017,21:09:00,22/07/2017,16:12:00,btp 03
17000211316,brssz058,brasil terminal portuario - btp,atracada,21/07/2017,11:20:00,22/07/2017,16:51:00,btp-2
17000255844,brssz035,grupo libra (pier 35),atracada,21/07/2017,15:31:00,22/07/2017,22:51:00,35.2
17000255089,brssz031,codesp,atracada,22/07/2017,13:55:00,22/07/2017,23:10:00,
17000252292,brssz016,santos brasil,atracada,22/07/2017,07:51:00,23/07/2017,04:30:00,tc
17000239938,brssz058,brasil terminal portuario - btp,atracada,21/07/2017,19:26:00,23/07/2017,07:54:00,btp 01
17000243315,brssz005,dow brasil sudeste industrial ltda,atracada,15/07/2017,13:45:00,23/07/2017,12:36:00,dow quimica
17000251440,brssz031,codesp,atracada,20/07/2017,23:13:00,23/07/2017,18:00:00,arm. 32
17000243412,brssz058,brasil terminal portuario - btp,atracada,22/07/2017,22:07:00,23/07/2017,18:29:00,btp 03
17000234189,brssz016,santos brasil,atracada,23/07/2017,04:28:00,23/07/2017,22:53:00,tecon
17000258274,brssz058,brasil terminal portuario - btp,atracada,23/07/2017,10:08:00,24/07/2017,00:38:00,btp1
17000229746,brssz031,codesp,atracada,21/07/2017,21:15:00,24/07/2017,06:29:00,armazem 31
17000267052,brssz057,ecoporto santos s/a,atracada,22/07/2017,08:03:00,24/07/2017,11:03:00,corte (ecoporto)
17000251067,brssz021,ultrafertil,atracada,18/07/2017,14:19:00,24/07/2017,10:49:00,tiplam 2
17000257570,brssz081,terminal de graneis do guaruja - tgg,atracada,20/07/2017,10:39:00,24/07/2017,12:01:00,tgg
17000251890,brssz031,codesp,atracada,23/07/2017,09:51:00,24/07/2017,14:54:00,tev
17000256468,brssz031,codesp,atracada,21/07/2017,08:07:00,24/07/2017,15:41:00,teg
17000262050,brssz021,ultrafertil,atracada,20/07/2017,12:57:00,24/07/2017,16:29:00,tiplam - berco 3
17000250605,brssz058,brasil terminal portuario - btp,atracada,23/07/2017,20:33:00,24/07/2017,17:44:00,btp 03
17000225813,brssz035,grupo libra (pier 35),atracada,24/07/2017,00:00:00,24/07/2017,22:15:00,libra 35.1
17000240456,brssz031,codesp,atracada,23/07/2017,15:08:00,25/07/2017,00:10:00,cais do saboo 1 - porto de santos
17000252543,brssz009,embraport empresa brasileira de terminais portuarios,atracada,23/07/2017,21:03:00,25/07/2017,00:57:00,emb
17000244010,brssz016,santos brasil,atracada,24/07/2017,11:27:00,25/07/2017,06:51:00,tecon
17000269039,brssz035,grupo libra (pier 35),atracada,23/07/2017,10:04:00,25/07/2017,08:39:00,libra 35.2
17000264266,brssz009,embraport empresa brasileira de terminais portuarios,atracada,24/07/2017,14:18:00,25/07/2017,09:59:00,embraport 02
17000218345,brssz058,brasil terminal portuario - btp,atracada,23/07/2017,15:02:00,25/07/2017,10:21:00,btp 2 - porto de santos
17000268970,brssz058,brasil terminal portuario - btp,atracada,24/07/2017,03:10:00,25/07/2017,14:42:00,btp1
17000234715,brssz058,brasil terminal portuario - btp,atracada,06/07/2017,04:21:00,08/07/2017,03:55:00,btp01
17000270053,brssz031,codesp,atracada,23/07/2017,10:44:00,25/07/2017,18:22:00,arm 38
17000233093,brssz021,ultrafertil,atracada,23/07/2017,21:37:00,25/07/2017,18:23:00,tiplam 2
17000238419,brssz058,brasil terminal portuario - btp,atracada,13/07/2017,11:36:00,14/07/2017,22:10:00,btp01
17000239865,brssz058,brasil terminal portuario - btp,atracada,04/07/2017,16:00:00,06/07/2017,10:12:00,btp3
17000239946,brssz058,brasil terminal portuario - btp,atracada,03/07/2017,23:44:00,04/07/2017,18:05:00,btp2
17000232640,brssz058,brasil terminal portuario - btp,atracada,03/07/2017,06:41:00,04/07/2017,00:08:00,btp03
17000234804,brssz058,brasil terminal portuario - btp,atracada,10/07/2017,05:02:00,11/07/2017,06:59:00,btp 02
17000273710,brssz031,codesp,atracada,20/07/2017,23:09:00,25/07/2017,20:08:00,companhia auxiliar de armazens gerais
17000258657,brssz016,santos brasil,atracada,21/07/2017,00:42:00,25/07/2017,23:29:00,tecon03
17000252519,brssz016,santos brasil,atracada,25/07/2017,06:53:00,26/07/2017,14:06:00,tecon
17000252284,brssz035,grupo libra (pier 35),atracada,24/07/2017,15:12:00,27/07/2017,00:19:00,libra 35.2
17000262840,brssz031,codesp,atracada,24/07/2017,14:54:00,27/07/2017,03:44:00,teg
17000253787,brssz009,embraport empresa brasileira de terminais portuarios,atracada,26/07/2017,09:17:00,27/07/2017,04:44:00,
17000241606,brssz031,codesp,atracada,23/07/2017,16:10:00,27/07/2017,08:23:00,berco 39
17000188381,brssz058,brasil terminal portuario - btp,atracada,25/07/2017,20:09:00,27/07/2017,08:37:00,btp 2
17000266803,brssz016,santos brasil,atracada,26/07/2017,15:53:00,27/07/2017,09:19:00,santos brasil quay 3
17000275233,brssz021,ultrafertil,atracada,25/07/2017,14:08:00,27/07/2017,11:57:00,tiplam 3
17000257545,brssz058,brasil terminal portuario - btp,atracada,25/07/2017,17:15:00,27/07/2017,16:07:00,btp01
17000265165,brssz031,codesp,atracada,25/07/2017,17:45:00,27/07/2017,17:20:00,armazem 29/30
17000250770,brssz031,codesp,atracada,25/07/2017,20:47:00,27/07/2017,21:19:00,elevacoes portuarias s.a
17000264185,brssz058,brasil terminal portuario - btp,atracada,27/07/2017,04:18:00,28/07/2017,03:30:00,btp 02
17000275144,brssz081,terminal de graneis do guaruja - tgg,atracada,27/07/2017,20:57:00,28/07/2017,07:30:00,tgg
17000266951,brssz016,santos brasil,atracada,27/07/2017,00:22:00,28/07/2017,08:24:00,tc
17000273826,brssz009,embraport empresa brasileira de terminais portuarios,atracada,27/07/2017,09:34:00,28/07/2017,09:04:00,embraport 1
17000251962,brssz081,terminal de graneis do guaruja - tgg,atracada,24/07/2017,18:51:00,28/07/2017,09:11:00,tgg - lado esquerdo
17000270428,brssz031,codesp,atracada,27/07/2017,08:01:00,28/07/2017,09:42:00,cais do saboo pos 1
17000271327,brssz035,grupo libra (pier 35),atracada,27/07/2017,17:16:00,28/07/2017,14:09:00,libra 35.1
17000218370,brssz058,brasil terminal portuario - btp,atracada,28/07/2017,00:32:00,28/07/2017,16:00:00,btp.1
17000261429,brssz031,codesp,atracada,23/07/2017,12:04:00,28/07/2017,19:31:00,cutrale
17000240391,brssz031,codesp,atracada,27/07/2017,23:31:00,28/07/2017,22:29:00,cais saboo 1
17000267575,brssz031,codesp,atracada,27/07/2017,21:02:00,29/07/2017,10:03:00,tev
17000266870,brssz016,santos brasil,atracada,28/07/2017,08:25:00,29/07/2017,10:58:00,tecon
17000265246,brssz031,codesp,atracada,28/07/2017,03:22:00,29/07/2017,11:32:00,armazem 15
17000244419,brssz035,grupo libra (pier 35),atracada,28/07/2017,09:45:00,29/07/2017,14:40:00,libra 35.2
17000252128,brssz031,codesp,atracada,28/07/2017,14:56:00,29/07/2017,15:42:00,tc.1
17000225830,brssz035,grupo libra (pier 35),atracada,28/07/2017,14:09:00,29/07/2017,15:52:00,t35-p1
17000244141,brssz058,brasil terminal portuario - btp,atracada,29/07/2017,04:07:00,29/07/2017,18:06:00,btp quay 3
17000248570,brssz031,codesp,atracada,26/07/2017,17:56:00,29/07/2017,19:35:00,copersucar
17000272196,brssz031,codesp,atracada,26/07/2017,06:26:00,29/07/2017,21:06:00,berco 39
17000252373,brssz016,santos brasil,atracada,29/07/2017,00:25:00,29/07/2017,22:52:00,santos brasil
17000267621,brssz031,codesp,atracada,27/07/2017,21:46:00,29/07/2017,23:43:00,armazem 19
17000245806,brssz031,codesp,atracada,25/07/2017,22:38:00,29/07/2017,23:45:00,ilha barnabe ageo
17000265157,brssz031,codesp,atracada,29/07/2017,10:37:00,30/07/2017,09:28:00,1617
17000268784,brssz058,brasil terminal portuario - btp,atracada,29/07/2017,21:21:00,30/07/2017,17:18:00,btp03
17000244494,brssz009,embraport empresa brasileira de terminais portuarios,atracada,29/07/2017,10:08:00,30/07/2017,20:50:00,embraport
17000250419,brssz031,codesp,atracada,22/07/2017,06:59:00,30/07/2017,23:26:00,stolthaven santos ltda
17000252438,brssz016,santos brasil,atracada,30/07/2017,09:20:00,31/07/2017,07:04:00,santos brasil quay 2
17000264738,brssz021,ultrafertil,atracada,24/07/2017,08:16:00,31/07/2017,07:20:00,tiplam / p-2
17000226364,brssz058,brasil terminal portuario - btp,atracada,28/07/2017,04:01:00,31/07/2017,08:53:00,berco 03
17000268962,brssz031,codesp,atracada,22/07/2017,22:33:00,31/07/2017,09:20:00,armazem 29
17000243943,brssz016,santos brasil,atracada,29/07/2017,18:34:00,31/07/2017,10:02:00,santos brasil
17000228600,brssz058,brasil terminal portuario - btp,atracada,30/07/2017,13:37:00,31/07/2017,10:31:00,btp-2
17000258550,brssz058,brasil terminal portuario - btp,atracada,29/07/2017,19:10:00,31/07/2017,10:55:00,btp01
17000250761,brssz021,ultrafertil,atracada,17/07/2017,05:30:00,31/07/2017,11:44:00,ultrafertil sa
17000253841,brssz009,embraport empresa brasileira de terminais portuarios,atracada,30/07/2017,04:10:00,31/07/2017,11:58:00,embraport
17000280962,brssz021,ultrafertil,atracada,26/07/2017,21:57:00,31/07/2017,12:05:00,ultrafertil sa
17000258983,brssz031,codesp,atracada,16/07/2017,05:23:00,31/07/2017,12:50:00,elevacoes portuarias s.a
17000171721,brssz058,brasil terminal portuario - btp,atracada,21/06/2017,16:45:00,31/07/2017,22:13:00,btp-3
17000254244,brssz031,codesp,atracada,30/07/2017,21:29:00,31/07/2017,22:35:00,tecon 1
17000267192,brssz058,brasil terminal portuario - btp,atracada,30/07/2017,23:02:00,31/07/2017,23:22:00,btp quay 3
