conhecimento,item,tipoembalagem,quantidade,marca,contramarca,tipobloqueio1,motivobloqueio1,justificativabloqueio1,cpfresponsavelbloqueio1,nomeresponsavelbloqueio1,databloqueio1,horabloqueio1,desbloqueadopelotransportador1,cpfresponsaveldesbloqueio1,nomeresponsaveldesbloqueio1,datadesbloqueio1,horadesbloqueio1,justificativadesbloqueio1,tipobloqueio2,motivobloqueio2,justificativabloqueio2,cpfresponsavelbloqueio2,nomeresponsavelbloqueio2,databloqueio2,horabloqueio2,desbloqueadopelotransportador2,cpfresponsaveldesbloqueio2,nomeresponsaveldesbloqueio2,datadesbloqueio2,horadesbloqueio2,justificativadesbloqueio2,tipobloqueio3,motivobloqueio3,justificativabloqueio3,cpfresponsavelbloqueio3,nomeresponsavelbloqueio3,databloqueio3,horabloqueio3,desbloqueadopelotransportador3,cpfresponsaveldesbloqueio3,nomeresponsaveldesbloqueio3,datadesbloqueio3,horadesbloqueio3,justificativadesbloqueio3,tipobloqueio4,motivobloqueio4,justificativabloqueio4,cpfresponsavelbloqueio4,nomeresponsavelbloqueio4,databloqueio4,horabloqueio4,desbloqueadopelotransportador4,cpfresponsaveldesbloqueio4,nomeresponsaveldesbloqueio4,datadesbloqueio4,horadesbloqueio4,justificativadesbloqueio4,quantidadebloqueiosativos,quantidadebloqueiosinativos,indicadorhistoricobloqueio,indicadorhistoricopedidoretificacao,pesobrutoitem(kg),volumeitem(m3),codigomercadoriaperigosa,codigoclassemercadoriaperigosa
151707130051110,0001,outros,0000001,caterpillar inc.ring power corp.,box installation,,,,,,,,,,,,,,,,,,,,,,,,,,,,,,,,,,,,,,,,,,,,,,,,,,,,,00,00,,,"000000707,000","0000000000,810",,
151707130051110,0002,outros,0000001,caterpillar inc.ring power corp.,pallet push arm,,,,,,,,,,,,,,,,,,,,,,,,,,,,,,,,,,,,,,,,,,,,,,,,,,,,,00,00,,,"000001000,000","0000000001,800",,
151707130051110,0003,outros,0000001,caterpillar inc.ring power corp.,box grab handles,,,,,,,,,,,,,,,,,,,,,,,,,,,,,,,,,,,,,,,,,,,,,,,,,,,,,00,00,,,"000000056,000","0000000000,180",,
151707130051110,0004,outros,0000001,caterpillar inc.ring power corp.,piece blade,,,,,,,,,,,,,,,,,,,,,,,,,,,,,,,,,,,,,,,,,,,,,,,,,,,,,00,00,,,"000003540,000","0000000010,650",,
151707130051200,0001,outros,0000001,caterpillar inc.ring power corp.,box grab handles,,,,,,,,,,,,,,,,,,,,,,,,,,,,,,,,,,,,,,,,,,,,,,,,,,,,,00,00,,,"000000056,000","0000000000,180",,
151707130051200,0002,outros,0000001,caterpillar inc.ring power corp.,piece blade,,,,,,,,,,,,,,,,,,,,,,,,,,,,,,,,,,,,,,,,,,,,,,,,,,,,,00,00,,,"000003540,000","0000000010,650",,
151707130051200,0003,outros,0000001,caterpillar inc.ring power corp.,pallet push arm,,,,,,,,,,,,,,,,,,,,,,,,,,,,,,,,,,,,,,,,,,,,,,,,,,,,,00,00,,,"000001000,000","0000000001,800",,
151707130051200,0004,outros,0000001,caterpillar inc.ring power corp.,box installation,,,,,,,,,,,,,,,,,,,,,,,,,,,,,,,,,,,,,,,,,,,,,,,,,,,,,00,00,,,"000000707,000","0000000000,810",,
151707130051382,0001,outros,0000001,caterpillar inc.ring power corp.,box installation,,,,,,,,,,,,,,,,,,,,,,,,,,,,,,,,,,,,,,,,,,,,,,,,,,,,,00,00,,,"000000707,000","0000000000,810",,
151707130051382,0002,outros,0000001,caterpillar inc.ring power corp.,box grab handles,,,,,,,,,,,,,,,,,,,,,,,,,,,,,,,,,,,,,,,,,,,,,,,,,,,,,00,00,,,"000000056,000","0000000000,180",,
151707130051382,0003,outros,0000001,caterpillar inc.ring power corp.,piece blade,,,,,,,,,,,,,,,,,,,,,,,,,,,,,,,,,,,,,,,,,,,,,,,,,,,,,00,00,,,"000003540,000","0000000010,650",,
151707130051382,0004,outros,0000001,caterpillar inc.ring power corp.,pallet push arm,,,,,,,,,,,,,,,,,,,,,,,,,,,,,,,,,,,,,,,,,,,,,,,,,,,,,00,00,,,"000001000,000","0000000001,800",,
151707130051463,0001,outros,0000001,caterpillar inc.ring power corp.,piece blade,,,,,,,,,,,,,,,,,,,,,,,,,,,,,,,,,,,,,,,,,,,,,,,,,,,,,00,00,,,"000003540,000","0000000010,650",,
151707130051463,0002,outros,0000001,caterpillar inc.ring power corp.,box installation,,,,,,,,,,,,,,,,,,,,,,,,,,,,,,,,,,,,,,,,,,,,,,,,,,,,,00,00,,,"000000707,000","0000000000,810",,
151707130051463,0003,outros,0000001,caterpillar inc.ring power corp.,pallet push arm,,,,,,,,,,,,,,,,,,,,,,,,,,,,,,,,,,,,,,,,,,,,,,,,,,,,,00,00,,,"000001000,000","0000000001,800",,
151707130051463,0004,outros,0000001,caterpillar inc.ring power corp.,box grab handles,,,,,,,,,,,,,,,,,,,,,,,,,,,,,,,,,,,,,,,,,,,,,,,,,,,,,00,00,,,"000000056,000","0000000000,180",,
151707130081451,0001,outros,0000001,caterpillar inc.giles & ransome inc.,box grab handles,,,,,,,,,,,,,,,,,,,,,,,,,,,,,,,,,,,,,,,,,,,,,,,,,,,,,00,00,,,"000000056,000","0000000000,180",,
151707130081451,0002,outros,0000001,caterpillar inc.giles & ransome inc.,piece blade,,,,,,,,,,,,,,,,,,,,,,,,,,,,,,,,,,,,,,,,,,,,,,,,,,,,,00,00,,,"000003540,000","0000000010,650",,
151707130081451,0003,outros,0000001,caterpillar inc.giles & ransome inc.,box installation,,,,,,,,,,,,,,,,,,,,,,,,,,,,,,,,,,,,,,,,,,,,,,,,,,,,,00,00,,,"000000707,000","0000000000,810",,
151707130081451,0004,outros,0000001,caterpillar inc.giles & ransome inc.,pallet push arm,,,,,,,,,,,,,,,,,,,,,,,,,,,,,,,,,,,,,,,,,,,,,,,,,,,,,00,00,,,"000001000,000","0000000001,800",,
151707130081702,0001,outros,0000001,caterpillar inc giles & ransome inc.,box grab handles,,,,,,,,,,,,,,,,,,,,,,,,,,,,,,,,,,,,,,,,,,,,,,,,,,,,,00,00,,,"000000056,000","0000000000,180",,
151707130081702,0002,outros,0000001,caterpillar inc giles & ransome inc.,piece blade,,,,,,,,,,,,,,,,,,,,,,,,,,,,,,,,,,,,,,,,,,,,,,,,,,,,,00,00,,,"000003540,000","0000000010,650",,
151707130081702,0003,outros,0000001,caterpillar inc giles & ransome inc.,box installation,,,,,,,,,,,,,,,,,,,,,,,,,,,,,,,,,,,,,,,,,,,,,,,,,,,,,00,00,,,"000000707,000","0000000000,810",,
151707130081702,0004,outros,0000001,caterpillar inc giles & ransome inc.,pallet push arm,,,,,,,,,,,,,,,,,,,,,,,,,,,,,,,,,,,,,,,,,,,,,,,,,,,,,00,00,,,"000001000,000","0000000001,800",,
151707130116697,0001,outros,0000001,alsertec s.a.s y/o gecolsa,(one) pallet blade,,,,,,,,,,,,,,,,,,,,,,,,,,,,,,,,,,,,,,,,,,,,,,,,,,,,,00,00,,,"000001110,000","0000000002,500",,
151707130132706,0001,outros,0000001,nicaragua machinery co.,pallet blade,,,,,,,,,,,,,,,,,,,,,,,,,,,,,,,,,,,,,,,,,,,,,,,,,,,,,00,00,,,"000001090,000","0000000002,730",,
151707128828103,0002,caixa de outros materiais,0000001,cnh industrial brasil ltda - 01.844.555/0020-45,hbzn0140ahaf06105a,,,,,,,,,,,,,,,,,,,,,,,,,,,,,,,,,,,,,,,,,,,,,,,,,,,,,00,00,,,"000000018,000","0000000000,000",,
151707128828286,0002,caixa de outros materiais,0000001,cnh industrial brasil ltda - 01.844.555/0020-45,hbznw20fvhae08902a,,,,,,,,,,,,,,,,,,,,,,,,,,,,,,,,,,,,,,,,,,,,,,,,,,,,,00,00,,,"000000018,000","0000000000,000",,
151707128828286,0003,caixa de outros materiais,0000001,cnh industrial brasil ltda - 01.844.555/0020-45,hbzn0845chaf06017a,,,,,,,,,,,,,,,,,,,,,,,,,,,,,,,,,,,,,,,,,,,,,,,,,,,,,00,00,,,"000000018,000","0000000000,000",,
151707128828286,0004,caixa de outros materiais,0000001,cnh industrial brasil ltda - 01.844.555/0020-45,hbzn0865jhaf06070a,,,,,,,,,,,,,,,,,,,,,,,,,,,,,,,,,,,,,,,,,,,,,,,,,,,,,00,00,,,"000000018,000","0000000000,000",,
151707128827204,0003,caixa de outros materiais,0000001,cnh industrial brasil ltda - 01.844.555/0020-45,hbzn0845thaf05988a,,,,,,,,,,,,,,,,,,,,,,,,,,,,,,,,,,,,,,,,,,,,,,,,,,,,,00,00,,,"000000018,000","0000000000,000",,
151707128827204,0004,caixa de outros materiais,0000001,cnh industrial brasil ltda - 01.844.555/0020-45,hbzn0845vhaf05991a,,,,,,,,,,,,,,,,,,,,,,,,,,,,,,,,,,,,,,,,,,,,,,,,,,,,,00,00,,,"000000018,000","0000000000,000",,
151707128827395,0001,caixa de outros materiais,0000001,cnh industrial brasil ltda. - 01.844.555/0023-98,prcy8800hhpa03324a,,,,,,,,,,,,,,,,,,,,,,,,,,,,,,,,,,,,,,,,,,,,,,,,,,,,,00,00,,,"000002900,000","0000000000,000",,
151707128827395,0002,caixa de outros materiais,0000001,cnh industrial brasil ltda. - 01.844.555/0023-98,prcy8800hhpa03323b,,,,,,,,,,,,,,,,,,,,,,,,,,,,,,,,,,,,,,,,,,,,,,,,,,,,,00,00,,,"000001800,000","0000000000,000",,
151707128827395,0003,caixa de outros materiais,0000001,cnh industrial brasil ltda. - 01.844.555/0023-98,prcy8800hhpa03323a,,,,,,,,,,,,,,,,,,,,,,,,,,,,,,,,,,,,,,,,,,,,,,,,,,,,,00,00,,,"000002900,000","0000000000,000",,
151707128827395,0004,caixa de outros materiais,0000001,cnh industrial brasil ltda. - 01.844.555/0023-98,prcy8800hhpa03324b,,,,,,,,,,,,,,,,,,,,,,,,,,,,,,,,,,,,,,,,,,,,,,,,,,,,,00,00,,,"000001800,000","0000000000,000",,
151707128827395,0005,caixa de outros materiais,0000001,cnh industrial brasil ltda. - 01.844.555/0023-98,prcy8800khpa03322b,,,,,,,,,,,,,,,,,,,,,,,,,,,,,,,,,,,,,,,,,,,,,,,,,,,,,00,00,,,"000001800,000","0000000000,000",,
151707128827395,0006,caixa de outros materiais,0000001,cnh industrial brasil ltda. - 01.844.555/0023-98,prcy8800khpa03322a,,,,,,,,,,,,,,,,,,,,,,,,,,,,,,,,,,,,,,,,,,,,,,,,,,,,,00,00,,,"000002900,000","0000000000,000",,
151707128827395,0007,caixa de outros materiais,0000001,cnh industrial brasil ltda. - 01.844.555/0023-98,prcy8800khpa03314b,,,,,,,,,,,,,,,,,,,,,,,,,,,,,,,,,,,,,,,,,,,,,,,,,,,,,00,00,,,"000001800,000","0000000000,000",,
151707128827395,0008,caixa de outros materiais,0000001,cnh industrial brasil ltda. - 01.844.555/0023-98,prcy8800khpa03314a,,,,,,,,,,,,,,,,,,,,,,,,,,,,,,,,,,,,,,,,,,,,,,,,,,,,,00,00,,,"000002900,000","0000000000,000",,
151707128826585,0001,peca,0000001,metso brasil industria e comercio ltda.,0419450,,,,,,,,,,,,,,,,,,,,,,,,,,,,,,,,,,,,,,,,,,,,,,,,,,,,,00,00,,,"000008712,000","0000000000,000",,
151707128833441,0003,peca,0000001,komatsu do brasil ltda. cnpj: 44.410.199/0001-00,kmt0d129khbb60404a,,,,,,,,,,,,,,,,,,,,,,,,,,,,,,,,,,,,,,,,,,,,,,,,,,,,,00,00,,,"000001335,000","0000000000,000",,
151707128833441,0004,peca,0000001,komatsu do brasil ltda. cnpj: 44.410.199/0001-00,kmt0d129jhbb60405a,,,,,,,,,,,,,,,,,,,,,,,,,,,,,,,,,,,,,,,,,,,,,,,,,,,,,00,00,,,"000001335,000","0000000000,000",,
151707128833522,0001,caixa de outros materiais,0000001,caterpillar brasil ltda,6lxdj-01,,,,,,,,,,,,,,,,,,,,,,,,,,,,,,,,,,,,,,,,,,,,,,,,,,,,,00,00,,,"000001550,000","0000000000,000",,
151707128833522,0002,caixa de outros materiais,0000001,caterpillar brasil ltda,6lxdk-01,,,,,,,,,,,,,,,,,,,,,,,,,,,,,,,,,,,,,,,,,,,,,,,,,,,,,00,00,,,"000001550,000","0000000000,000",,
151707128833522,0003,caixa de outros materiais,0000001,caterpillar brasil ltda,6lxch-01,,,,,,,,,,,,,,,,,,,,,,,,,,,,,,,,,,,,,,,,,,,,,,,,,,,,,00,00,,,"000001082,000","0000000000,000",,
151707128833794,0001,caixa de outros materiais,0000001,metso brasil industria e comercio ltda,hp400sor0130-02,,,,,,,,,,,,,,,,,,,,,,,,,,,,,,,,,,,,,,,,,,,,,,,,,,,,,00,00,,,"000001240,000","0000000000,000",,
151707128833794,0002,caixa de outros materiais,0000001,metso brasil industria e comercio ltda,hp400sor0130-03,,,,,,,,,,,,,,,,,,,,,,,,,,,,,,,,,,,,,,,,,,,,,,,,,,,,,00,00,,,"000000730,000","0000000000,000",,
151707128833794,0003,peca,0000001,metso brasil industria e comercio ltda,hp400sor0130-01,,,,,,,,,,,,,,,,,,,,,,,,,,,,,,,,,,,,,,,,,,,,,,,,,,,,,00,00,,,"000024100,000","0000000000,000",,
151707128833875,0001,peca,0000001,metso brasil industria e comercio ltda.,hp500sor0114-01,,,,,,,,,,,,,,,,,,,,,,,,,,,,,,,,,,,,,,,,,,,,,,,,,,,,,00,00,,,"000033800,000","0000000000,000",,
151707128833875,0002,caixa de outros materiais,0000001,metso brasil industria e comercio ltda.,hp500sor0114-05,,,,,,,,,,,,,,,,,,,,,,,,,,,,,,,,,,,,,,,,,,,,,,,,,,,,,00,00,,,"000000700,000","0000000000,000",,
151707128833875,0003,caixa de outros materiais,0000001,metso brasil industria e comercio ltda.,hp500sor0114-04,,,,,,,,,,,,,,,,,,,,,,,,,,,,,,,,,,,,,,,,,,,,,,,,,,,,,00,00,,,"000000120,000","0000000000,000",,
151707128833875,0004,caixa de outros materiais,0000001,metso brasil industria e comercio ltda.,hp500sor0114-02,,,,,,,,,,,,,,,,,,,,,,,,,,,,,,,,,,,,,,,,,,,,,,,,,,,,,00,00,,,"000001300,000","0000000000,000",,
151707128833875,0005,pallets,0000001,metso brasil industria e comercio ltda.,hp500sor0114-03,,,,,,,,,,,,,,,,,,,,,,,,,,,,,,,,,,,,,,,,,,,,,,,,,,,,,00,00,,,"000000200,000","0000000000,000",,
151707128834413,0001,caixa de outros materiais,0000001,caterpillar brasil ltda,6lxck-01,,,,,,,,,,,,,,,,,,,,,,,,,,,,,,,,,,,,,,,,,,,,,,,,,,,,,00,00,,,"000001082,000","0000000000,000",,
151707128834413,0002,caixa de outros materiais,0000001,caterpillar brasil ltda,6lxdd-01,,,,,,,,,,,,,,,,,,,,,,,,,,,,,,,,,,,,,,,,,,,,,,,,,,,,,00,00,,,"000001550,000","0000000000,000",,
151707128834502,0001,caixa de outros materiais,0000001,caterpillar brasil ltda,6lxcj-01,,,,,,,,,,,,,,,,,,,,,,,,,,,,,,,,,,,,,,,,,,,,,,,,,,,,,00,00,,,"000001082,000","0000000000,000",,
151707128834502,0002,caixa de outros materiais,0000001,caterpillar brasil ltda,6lxdl-01,,,,,,,,,,,,,,,,,,,,,,,,,,,,,,,,,,,,,,,,,,,,,,,,,,,,,00,00,,,"000001550,000","0000000000,000",,
151707128834685,0006,peca,0000001,komatsu do brasil ltda. cnpj: 44.410.199/0001-00,kmt0d129phbb60403a,,,,,,,,,,,,,,,,,,,,,,,,,,,,,,,,,,,,,,,,,,,,,,,,,,,,,00,00,,,"000001335,000","0000000000,000",,
151707128834847,0002,peca,0000001,caterpillar brasil ltda,6mgrf-06,,,,,,,,,,,,,,,,,,,,,,,,,,,,,,,,,,,,,,,,,,,,,,,,,,,,,00,00,,,"000004010,000","0000000000,000",,
151707128834847,0003,pallets,0000001,caterpillar brasil ltda,6mgrf-05,,,,,,,,,,,,,,,,,,,,,,,,,,,,,,,,,,,,,,,,,,,,,,,,,,,,,00,00,,,"000001000,000","0000000000,000",,
151707128834847,0004,caixa de outros materiais,0000001,caterpillar brasil ltda,6mgrf-02,,,,,,,,,,,,,,,,,,,,,,,,,,,,,,,,,,,,,,,,,,,,,,,,,,,,,00,00,,,"000000052,000","0000000000,000",,
151707128834847,0005,caixa de outros materiais,0000001,caterpillar brasil ltda,6mgrf-03,,,,,,,,,,,,,,,,,,,,,,,,,,,,,,,,,,,,,,,,,,,,,,,,,,,,,00,00,,,"000000056,000","0000000000,000",,
151707128834847,0006,caixa de outros materiais,0000001,caterpillar brasil ltda,6mgrf-04,,,,,,,,,,,,,,,,,,,,,,,,,,,,,,,,,,,,,,,,,,,,,,,,,,,,,00,00,,,"000000890,000","0000000000,000",,
151707128834928,0002,pallets,0000001,volvo do brasil veiculos ltda -,vce0l60fhh0073258a,,,,,,,,,,,,,,,,,,,,,,,,,,,,,,,,,,,,,,,,,,,,,,,,,,,,,00,00,,,"000000525,000","0000000000,000",,
151707128835142,0001,caixa de outros materiais,0000001,caterpillar brasil ltda,6lxcl-01,,,,,,,,,,,,,,,,,,,,,,,,,,,,,,,,,,,,,,,,,,,,,,,,,,,,,00,00,,,"000001082,000","0000000000,000",,
151707128835142,0002,caixa de outros materiais,0000001,caterpillar brasil ltda,6lxcd-01,,,,,,,,,,,,,,,,,,,,,,,,,,,,,,,,,,,,,,,,,,,,,,,,,,,,,00,00,,,"000001082,000","0000000000,000",,
151707128835576,0001,caixa de outros materiais,0000001,caterpillar brasil ltda,6lxcm-01,,,,,,,,,,,,,,,,,,,,,,,,,,,,,,,,,,,,,,,,,,,,,,,,,,,,,00,00,,,"000001082,000","0000000000,000",,
151707128835576,0002,caixa de outros materiais,0000001,caterpillar brasil ltda,6lxcn-01,,,,,,,,,,,,,,,,,,,,,,,,,,,,,,,,,,,,,,,,,,,,,,,,,,,,,00,00,,,"000001082,000","0000000000,000",,
151707128835738,0001,caixa de outros materiais,0000001,caterpillar brasil ltda,6mcpn-03,,,,,,,,,,,,,,,,,,,,,,,,,,,,,,,,,,,,,,,,,,,,,,,,,,,,,00,00,,,"000000057,000","0000000000,000",,
151707128835738,0002,caixa de outros materiais,0000001,caterpillar brasil ltda,6mcpn-02,,,,,,,,,,,,,,,,,,,,,,,,,,,,,,,,,,,,,,,,,,,,,,,,,,,,,00,00,,,"000000707,000","0000000000,000",,
151707128835738,0004,caixa de outros materiais,0000001,caterpillar brasil ltda,6mcpn-04,,,,,,,,,,,,,,,,,,,,,,,,,,,,,,,,,,,,,,,,,,,,,,,,,,,,,00,00,,,"000000056,000","0000000000,000",,
151707128835738,0005,peca,0000001,caterpillar brasil ltda,6mcpn-05,,,,,,,,,,,,,,,,,,,,,,,,,,,,,,,,,,,,,,,,,,,,,,,,,,,,,00,00,,,"000003540,000","0000000000,000",,
151707128835738,0006,pallets,0000001,caterpillar brasil ltda,6mcpn-06,,,,,,,,,,,,,,,,,,,,,,,,,,,,,,,,,,,,,,,,,,,,,,,,,,,,,00,00,,,"000001000,000","0000000000,000",,
151707128835738,0007,caixa de outros materiais,0000001,caterpillar brasil ltda,6mcpn-10,,,,,,,,,,,,,,,,,,,,,,,,,,,,,,,,,,,,,,,,,,,,,,,,,,,,,00,00,,,"000001428,000","0000000000,000",,
151707128835738,0008,caixa de outros materiais,0000001,caterpillar brasil ltda,6mcpn-07,,,,,,,,,,,,,,,,,,,,,,,,,,,,,,,,,,,,,,,,,,,,,,,,,,,,,00,00,,,"000000748,000","0000000000,000",,
151707128835738,0009,caixa de outros materiais,0000001,caterpillar brasil ltda,6mcpn-11,,,,,,,,,,,,,,,,,,,,,,,,,,,,,,,,,,,,,,,,,,,,,,,,,,,,,00,00,,,"000001076,000","0000000000,000",,
151707128835738,0010,pallets,0000001,caterpillar brasil ltda,6mcpn-09,,,,,,,,,,,,,,,,,,,,,,,,,,,,,,,,,,,,,,,,,,,,,,,,,,,,,00,00,,,"000000933,000","0000000000,000",,
151707128835738,0011,caixa de outros materiais,0000001,caterpillar brasil ltda,6mcpn-08,,,,,,,,,,,,,,,,,,,,,,,,,,,,,,,,,,,,,,,,,,,,,,,,,,,,,00,00,,,"000000837,000","0000000000,000",,
151707128830000,0001,pallets,0000001,caterpillar brasil ltda,6ppkk-02,,,,,,,,,,,,,,,,,,,,,,,,,,,,,,,,,,,,,,,,,,,,,,,,,,,,,00,00,,,"000001340,000","0000000000,000",,
151707128830183,0002,peca,0000001,caterpillar brasil ltda,6mhyc-04,,,,,,,,,,,,,,,,,,,,,,,,,,,,,,,,,,,,,,,,,,,,,,,,,,,,,00,00,,,"000003540,000","0000000000,000",,
151707128830183,0003,pallets,0000001,caterpillar brasil ltda,6mhyc-03,,,,,,,,,,,,,,,,,,,,,,,,,,,,,,,,,,,,,,,,,,,,,,,,,,,,,00,00,,,"000001000,000","0000000000,000",,
151707128830183,0004,caixa de outros materiais,0000001,caterpillar brasil ltda,6mhyc-02,,,,,,,,,,,,,,,,,,,,,,,,,,,,,,,,,,,,,,,,,,,,,,,,,,,,,00,00,,,"000000720,000","0000000000,000",,
151707128830264,0001,caixa de outros materiais,0000001,caterpillar brasil ltda,6kctc-01,,,,,,,,,,,,,,,,,,,,,,,,,,,,,,,,,,,,,,,,,,,,,,,,,,,,,00,00,,,"000001070,000","0000000000,000",,
151707128830507,0004,peca,0000001,komatsu do brasil ltda. cnpj: 44.410.199/0001-00,kmt0d129ehbb60400a,,,,,,,,,,,,,,,,,,,,,,,,,,,,,,,,,,,,,,,,,,,,,,,,,,,,,00,00,,,"000001335,000","0000000000,000",,
151707128830507,0005,peca,0000001,komatsu do brasil ltda. cnpj: 44.410.199/0001-00,kmt0d129chbb60401a,,,,,,,,,,,,,,,,,,,,,,,,,,,,,,,,,,,,,,,,,,,,,,,,,,,,,00,00,,,"000001335,000","0000000000,000",,
151707128830507,0006,peca,0000001,komatsu do brasil ltda. cnpj: 44.410.199/0001-00,kmt0d129thbb60402a,,,,,,,,,,,,,,,,,,,,,,,,,,,,,,,,,,,,,,,,,,,,,,,,,,,,,00,00,,,"000001335,000","0000000000,000",,
151707128830930,0003,pallets,0000001,caterpillar brasil ltda,6nwjz-02,,,,,,,,,,,,,,,,,,,,,,,,,,,,,,,,,,,,,,,,,,,,,,,,,,,,,00,00,,,"000001200,000","0000000000,000",,
151707128830930,0004,pallets,0000001,caterpillar brasil ltda,6ppkv-02,,,,,,,,,,,,,,,,,,,,,,,,,,,,,,,,,,,,,,,,,,,,,,,,,,,,,00,00,,,"000001200,000","0000000000,000",,
151707128831074,0002,pallets,0000001,caterpillar brasil ltda,6pptq-02,,,,,,,,,,,,,,,,,,,,,,,,,,,,,,,,,,,,,,,,,,,,,,,,,,,,,00,00,,,"000001110,000","0000000000,000",,
151707128831317,0001,peca,0000001,caterpillar brasil ltda,6mhyf-04,,,,,,,,,,,,,,,,,,,,,,,,,,,,,,,,,,,,,,,,,,,,,,,,,,,,,00,00,,,"000003540,000","0000000000,000",,
151707128831317,0002,peca,0000001,caterpillar brasil ltda,6mhyb-04,,,,,,,,,,,,,,,,,,,,,,,,,,,,,,,,,,,,,,,,,,,,,,,,,,,,,00,00,,,"000003540,000","0000000000,000",,
151707128831317,0003,peca,0000001,caterpillar brasil ltda,6mhxx-04,,,,,,,,,,,,,,,,,,,,,,,,,,,,,,,,,,,,,,,,,,,,,,,,,,,,,00,00,,,"000003540,000","0000000000,000",,
151707128831317,0007,pallets,0000001,caterpillar brasil ltda,6mhyf-03,,,,,,,,,,,,,,,,,,,,,,,,,,,,,,,,,,,,,,,,,,,,,,,,,,,,,00,00,,,"000001000,000","0000000000,000",,
151707128831317,0008,pallets,0000001,caterpillar brasil ltda,6mhyb-03,,,,,,,,,,,,,,,,,,,,,,,,,,,,,,,,,,,,,,,,,,,,,,,,,,,,,00,00,,,"000001000,000","0000000000,000",,
151707128831317,0009,pallets,0000001,caterpillar brasil ltda,6mhxx-03,,,,,,,,,,,,,,,,,,,,,,,,,,,,,,,,,,,,,,,,,,,,,,,,,,,,,00,00,,,"000001000,000","0000000000,000",,
151707128831317,0010,caixa de outros materiais,0000001,caterpillar brasil ltda,6mhyf-02,,,,,,,,,,,,,,,,,,,,,,,,,,,,,,,,,,,,,,,,,,,,,,,,,,,,,00,00,,,"000000720,000","0000000000,000",,
151707128831317,0011,caixa de outros materiais,0000001,caterpillar brasil ltda,6mhyb-02,,,,,,,,,,,,,,,,,,,,,,,,,,,,,,,,,,,,,,,,,,,,,,,,,,,,,00,00,,,"000000720,000","0000000000,000",,
151707128831317,0012,caixa de outros materiais,0000001,caterpillar brasil ltda,6mhxx-02,,,,,,,,,,,,,,,,,,,,,,,,,,,,,,,,,,,,,,,,,,,,,,,,,,,,,00,00,,,"000000720,000","0000000000,000",,
151707128831406,0002,pallets,0000001,caterpillar brasil ltda,6nfhb-02,,,,,,,,,,,,,,,,,,,,,,,,,,,,,,,,,,,,,,,,,,,,,,,,,,,,,00,00,,,"000001090,000","0000000000,000",,
151707128831589,0002,pallets,0000001,caterpillar brasil ltda,6pjnr-02,,,,,,,,,,,,,,,,,,,,,,,,,,,,,,,,,,,,,,,,,,,,,,,,,,,,,00,00,,,"000001110,000","0000000000,000",,
151707128708116,0001,fardo,0010037,fibria 100% planted eucalyptus,made in brazil,,,,,,,,,,,,,,,,,,,,,,,,,,,,,,,,,,,,,,,,,,,,,,,,,,,,,00,00,,,"020074000,000","0000000000,000",,
151707131591194,0002,peca,0000004,locar guindaster e transportes intermodais,pecas,,,,,,,,,,,,,,,,,,,,,,,,,,,,,,,,,,,,,,,,,,,,,,,,,,,,,00,00,,,"000019200,000","0000000005,095",,
151707131125118,0001,outros,0000008,locar guindastes e transp. intermodais ltda.,auto/truck parts& tires,,,,,,,,,,,,,,,,,,,,,,,,,,,,,,,,,,,,,,,,,,,,,,,,,,,,,00,00,,,"000038400,000","0000000010,190",,
151707129368122,0001,outros,0001000,.,.,,,,,,,,,,,,,,,,,,,,,,,,,,,,,,,,,,,,,,,,,,,,,,,,,,,,,00,00,,,"002000000,000","0000000000,000",,
151707129368203,0001,outros,0001000,.,.,,,,,,,,,,,,,,,,,,,,,,,,,,,,,,,,,,,,,,,,,,,,,,,,,,,,,00,00,,,"002000000,000","0000000000,000",,
151707129368394,0001,outros,0001000,.,.,,,,,,,,,,,,,,,,,,,,,,,,,,,,,,,,,,,,,,,,,,,,,,,,,,,,,00,00,,,"002000000,000","0000000000,000",,
151707129368475,0001,outros,0000250,.,.,,,,,,,,,,,,,,,,,,,,,,,,,,,,,,,,,,,,,,,,,,,,,,,,,,,,,00,00,,,"000500000,000","0000000000,000",,
151707132571022,0001,outros,0009614,.,.,,,,,,,,,,,,,,,,,,,,,,,,,,,,,,,,,,,,,,,,,,,,,,,,,,,,,00,00,,,"019228000,000","0000000000,000",,
151707132571103,0001,outros,0000350,.,.,,,,,,,,,,,,,,,,,,,,,,,,,,,,,,,,,,,,,,,,,,,,,,,,,,,,,00,00,,,"000700000,000","0000000000,000",,
151707132571294,0001,outros,0000757,.,.,,,,,,,,,,,,,,,,,,,,,,,,,,,,,,,,,,,,,,,,,,,,,,,,,,,,,00,00,,,"001514000,000","0000000000,000",,
151707132571375,0001,outros,0004500,.,.,,,,,,,,,,,,,,,,,,,,,,,,,,,,,,,,,,,,,,,,,,,,,,,,,,,,,00,00,,,"009000000,000","0000000000,000",,
151707132827868,0005,caixa de outros materiais,0000001,.,.,,,,,,,,,,,,,,,,,,,,,,,,,,,,,,,,,,,,,,,,,,,,,,,,,,,,,00,00,,,"000000707,000","0000000000,750",,
151707132827868,0006,peca,0000001,.,.,,,,,,,,,,,,,,,,,,,,,,,,,,,,,,,,,,,,,,,,,,,,,,,,,,,,,00,00,,,"000001000,000","0000000001,800",,
151707132827868,0007,caixa de outros materiais,0000001,.,.,,,,,,,,,,,,,,,,,,,,,,,,,,,,,,,,,,,,,,,,,,,,,,,,,,,,,00,00,,,"000002830,000","0000000010,240",,
151707132864208,0005,caixa de outros materiais,0000001,.,.,,,,,,,,,,,,,,,,,,,,,,,,,,,,,,,,,,,,,,,,,,,,,,,,,,,,,00,00,,,"000000707,000","0000000000,810",,
151707132864208,0006,pallets,0000001,.,.,,,,,,,,,,,,,,,,,,,,,,,,,,,,,,,,,,,,,,,,,,,,,,,,,,,,,00,00,,,"000001000,000","0000000001,800",,
151707132864208,0007,caixa de outros materiais,0000001,.,.,,,,,,,,,,,,,,,,,,,,,,,,,,,,,,,,,,,,,,,,,,,,,,,,,,,,,00,00,,,"000002830,000","0000000010,240",,
151707132864399,0005,caixa de outros materiais,0000001,.,.,,,,,,,,,,,,,,,,,,,,,,,,,,,,,,,,,,,,,,,,,,,,,,,,,,,,,00,00,,,"000000707,000","0000000000,810",,
151707132864399,0006,peca,0000001,.,.,,,,,,,,,,,,,,,,,,,,,,,,,,,,,,,,,,,,,,,,,,,,,,,,,,,,,00,00,,,"000002830,000","0000000010,240",,
151707132864399,0007,peca,0000001,.,.,,,,,,,,,,,,,,,,,,,,,,,,,,,,,,,,,,,,,,,,,,,,,,,,,,,,,00,00,,,"000001000,000","0000000001,800",,
151707133553923,0001,outros,0000001,jax machinery comercio equip locacao e transp ltda,spare parts,,,,,,,,,,,,,,,,,,,,,,,,,,,,,,,,,,,,,,,,,,,,,,,,,,,,,00,00,,,"000006000,000","0000000013,328",,
151707133558305,0001,outros,0000001,cons em proj logisticos - incopro do brasil ltda,spare parts,,,,,,,,,,,,,,,,,,,,,,,,,,,,,,,,,,,,,,,,,,,,,,,,,,,,,00,00,,,"000007060,000","0000000006,776",,
151707133560113,0001,outros,0000002,aurum freight international ltda,spare parts,,,,,,,,,,,,,,,,,,,,,,,,,,,,,,,,,,,,,,,,,,,,,,,,,,,,,00,00,,,"000007000,000","0000000015,740",,
151707133581382,0001,peca,0000018,utc,counterweight,,,,,,,,,,,,,,,,,,,,,,,,,,,,,,,,,,,,,,,,,,,,,,,,,,,,,00,00,,,"000094050,000","0000000067,745",,
151707133558216,0001,outros,0000005,aurum freight international ltda,spare parts,,,,,,,,,,,,,,,,,,,,,,,,,,,,,,,,,,,,,,,,,,,,,,,,,,,,,00,00,,,"000017500,000","0000000039,350",,
151707133064302,0002,outros,0000003,mac cargo,pallet with fiece forged steel back up,,,,,,,,,,,,,,,,,,,,,,,,,,,,,,,,,,,,,,,,,,,,,,,,,,,,,00,00,,,"000155585,370","0000000059,064",,
151707132967104,0002,outros,0000007,embraer,fuselage and wing,,,,,,,,,,,,,,,,,,,,,,,,,,,,,,,,,,,,,,,,,,,,,,,,,,,,,00,00,,,"000022280,000","0000000540,223",,
151707132966809,0002,outros,0000002,fox cargo,piezas - reductor veloc. planetario,,,,,,,,,,,,,,,,,,,,,,,,,,,,,,,,,,,,,,,,,,,,,,,,,,,,,00,00,,,"000056200,000","0000000049,352",,
151707127248901,0001,outros,0000132,rotor blade e70/4,flange e70/4 model grey grp,,,,,,,,,,,,,,,,,,,,,,,,,,,,,,,,,,,,,,,,,,,,,,,,,,,,,00,00,,,"000407937,600","0000000000,000",,
151707137208724,0001,pacote,0000040,transformer and acessories,transformer and acessories,,,,,,,,,,,,,,,,,,,,,,,,,,,,,,,,,,,,,,,,,,,,,,,,,,,,,00,00,,,"000071241,000","0000000097,920",,
151707137198664,0001,caixa de outros materiais,0000002,plywood,plywood,,,,,,,,,,,,,,,,,,,,,,,,,,,,,,,,,,,,,,,,,,,,,,,,,,,,,00,00,,,"000163000,000","0000000197,116",,
151707137834838,0001,fardo,0004309,fibria 100% planted eucalyptus,made in brazil,,,,,,,,,,,,,,,,,,,,,,,,,,,,,,,,,,,,,,,,,,,,,,,,,,,,,00,00,,,"008618000,000","0000000000,000",,
151707137865393,0001,fardo,0000196,fibria 100% planted eucalyptus,made in brazil,,,,,,,,,,,,,,,,,,,,,,,,,,,,,,,,,,,,,,,,,,,,,,,,,,,,,00,00,,,"000392000,000","0000000000,000",,
151707137875003,0001,fardo,0005339,fibria 100% planted eucalyptus,made in brazil,,,,,,,,,,,,,,,,,,,,,,,,,,,,,,,,,,,,,,,,,,,,,,,,,,,,,00,00,,,"010678000,000","0000000000,000",,
151707137639385,0001,outros,0000026,made in brasil siemens ltda,made in brasil siemens ltda,,,,,,,,,,,,,,,,,,,,,,,,,,,,,,,,,,,,,,,,,,,,,,,,,,,,,00,00,,,"000330152,000","0000000499,990",2.2,1002
151707137638737,0001,outros,0000001,fis saf no. 1,fis saf no. 1,,,,,,,,,,,,,,,,,,,,,,,,,,,,,,,,,,,,,,,,,,,,,,,,,,,,,00,00,,,"000054400,000","0000000055,744",,
151707137638737,0002,outros,0000001,fis saf no. 2,fis saf no. 2,,,,,,,,,,,,,,,,,,,,,,,,,,,,,,,,,,,,,,,,,,,,,,,,,,,,,00,00,,,"000016200,000","0000000037,990",,
151707137638818,0001,outros,0000006,prasa project,prasa project,,,,,,,,,,,,,,,,,,,,,,,,,,,,,,,,,,,,,,,,,,,,,,,,,,,,,00,00,,,"000223500,000","0000001591,160",,
151707137638907,0001,outros,0000009,prasa project,prasa project,,,,,,,,,,,,,,,,,,,,,,,,,,,,,,,,,,,,,,,,,,,,,,,,,,,,,00,00,,,"000001499,990","0000000012,003",,
151707136440330,0001,fardo,0001000,eldorado 100% planted eucalyptus,made in brazil,,,,,,,,,,,,,,,,,,,,,,,,,,,,,,,,,,,,,,,,,,,,,,,,,,,,,00,00,,,"002000000,000","0000000000,000",,
151707136468420,0001,fardo,0001000,eldorado 100% planted eucalyptus,made in brazil,,,,,,,,,,,,,,,,,,,,,,,,,,,,,,,,,,,,,,,,,,,,,,,,,,,,,00,00,,,"002000000,000","0000000000,000",,
151707136469907,0001,fardo,0001000,eldorado 100% planted eucalyptus,made in brazil,,,,,,,,,,,,,,,,,,,,,,,,,,,,,,,,,,,,,,,,,,,,,,,,,,,,,00,00,,,"002000000,000","0000000000,000",,
151707136476105,0001,fardo,0001000,eldorado 100% planted eucalyptus,made in brazil,,,,,,,,,,,,,,,,,,,,,,,,,,,,,,,,,,,,,,,,,,,,,,,,,,,,,00,00,,,"002000000,000","0000000000,000",,
151707136480552,0001,fardo,0001000,eldorado 100% planted eucalyptus,made in brazil,,,,,,,,,,,,,,,,,,,,,,,,,,,,,,,,,,,,,,,,,,,,,,,,,,,,,00,00,,,"002000000,000","0000000000,000",,
151707136484892,0001,fardo,0000500,eldorado 100% planted eucalyptus,made in brazil,,,,,,,,,,,,,,,,,,,,,,,,,,,,,,,,,,,,,,,,,,,,,,,,,,,,,00,00,,,"001000000,000","0000000000,000",,
151707136494189,0001,fardo,0000500,eldorado 100% planted eucalyptus,made in brazil,,,,,,,,,,,,,,,,,,,,,,,,,,,,,,,,,,,,,,,,,,,,,,,,,,,,,00,00,,,"001000000,000","0000000000,000",,
151707136500251,0001,fardo,0000020,eldorado 100% planted eucalyptus,made in brazil,,,,,,,,,,,,,,,,,,,,,,,,,,,,,,,,,,,,,,,,,,,,,,,,,,,,,00,00,,,"000040000,000","0000000000,000",,
151707136497013,0001,fardo,0000535,eldorado 100% planted eucalyptus,made in brazil,,,,,,,,,,,,,,,,,,,,,,,,,,,,,,,,,,,,,,,,,,,,,,,,,,,,,00,00,,,"001070000,000","0000000000,000",,
151707136838295,0001,fardo,0000601,fibria 100% planted eucalyptus,made in brazil,,,,,,,,,,,,,,,,,,,,,,,,,,,,,,,,,,,,,,,,,,,,,,,,,,,,,00,00,,,"001202000,000","0000000000,000",,
151707136848339,0001,fardo,0000375,fibria 100% planted eucalyptus,made in brazil,,,,,,,,,,,,,,,,,,,,,,,,,,,,,,,,,,,,,,,,,,,,,,,,,,,,,00,00,,,"000750000,000","0000000000,000",,
151707136856277,0001,fardo,0000265,fibria 100% planted eucalyptus,made in brazil,,,,,,,,,,,,,,,,,,,,,,,,,,,,,,,,,,,,,,,,,,,,,,,,,,,,,00,00,,,"000530000,000","0000000000,000",,
151707136857400,0001,fardo,0000554,fibria 100% planted eucalyptus,made in brazil,,,,,,,,,,,,,,,,,,,,,,,,,,,,,,,,,,,,,,,,,,,,,,,,,,,,,00,00,,,"001108000,000","0000000000,000",,
151707136884807,0001,fardo,0001754,fibria 100% planted eucalyptus,made in brazil,,,,,,,,,,,,,,,,,,,,,,,,,,,,,,,,,,,,,,,,,,,,,,,,,,,,,00,00,,,"003508000,000","0000000000,000",,
151707136433201,0001,fardo,0000525,eldorado 100% planted eucalyptus,made in brazil,,,,,,,,,,,,,,,,,,,,,,,,,,,,,,,,,,,,,,,,,,,,,,,,,,,,,00,00,,,"001050000,000","0000000000,000",,
151707136426850,0001,fardo,0000525,eldorado 100% planted eucalyptus,made in brazil,,,,,,,,,,,,,,,,,,,,,,,,,,,,,,,,,,,,,,,,,,,,,,,,,,,,,00,00,,,"001050000,000","0000000000,000",,
151707136427660,0001,fardo,0001000,eldorado 100% planted eucalyptus,made in brazil,,,,,,,,,,,,,,,,,,,,,,,,,,,,,,,,,,,,,,,,,,,,,,,,,,,,,00,00,,,"002000000,000","0000000000,000",,
151707136428984,0001,fardo,0000525,eldorado 100% planted eucalyptus,made in brazil,,,,,,,,,,,,,,,,,,,,,,,,,,,,,,,,,,,,,,,,,,,,,,,,,,,,,00,00,,,"001050000,000","0000000000,000",,
151707138578789,0001,fardo,0000150,eldorado 100% planted eucalyptus,made in brazil,,,,,,,,,,,,,,,,,,,,,,,,,,,,,,,,,,,,,,,,,,,,,,,,,,,,,00,00,,,"000300000,000","0000000000,000",,
151707138582387,0001,fardo,0000830,eldorado 100% planted eucalyptus,made in brazil,,,,,,,,,,,,,,,,,,,,,,,,,,,,,,,,,,,,,,,,,,,,,,,,,,,,,00,00,,,"001660000,000","0000000000,000",,
151707136892745,0001,fardo,0001250,fibria 100% planted eucalyptus,made in brazil,,,,,,,,,,,,,,,,,,,,,,,,,,,,,,,,,,,,,,,,,,,,,,,,,,,,,00,00,,,"002500000,000","0000000000,000",,
151707144052378,0001,fardo,0001881,fibria 100% planted eucalyptus,made in brazil,,,,,,,,,,,,,,,,,,,,,,,,,,,,,,,,,,,,,,,,,,,,,,,,,,,,,00,00,,,"003762000,000","0000000000,000",,
151707141032147,0001,fardo,0001000,eldorado 100% planted eucalyptus,made in brazil,,,,,,,,,,,,,,,,,,,,,,,,,,,,,,,,,,,,,,,,,,,,,,,,,,,,,00,00,,,"002000000,000","0000000000,000",,
151707141034352,0001,fardo,0001000,eldorado 100% planted eucalyptus,made in brazil,,,,,,,,,,,,,,,,,,,,,,,,,,,,,,,,,,,,,,,,,,,,,,,,,,,,,00,00,,,"002000000,000","0000000000,000",,
151707141035162,0001,fardo,0001000,eldorado 100% planted eucalyptus,made in brazil,,,,,,,,,,,,,,,,,,,,,,,,,,,,,,,,,,,,,,,,,,,,,,,,,,,,,00,00,,,"002000000,000","0000000000,000",,
151707141037610,0001,fardo,0000500,eldorado 100% planted eucalyptus,made in brazil,,,,,,,,,,,,,,,,,,,,,,,,,,,,,,,,,,,,,,,,,,,,,,,,,,,,,00,00,,,"001000000,000","0000000000,000",,
151707141042452,0001,fardo,0001000,eldorado 100% planted eucalyptus,made in brazil,,,,,,,,,,,,,,,,,,,,,,,,,,,,,,,,,,,,,,,,,,,,,,,,,,,,,00,00,,,"002000000,000","0000000000,000",,
151707141045630,0001,fardo,0000500,eldorado 100% planted eucalyptus,made in brazil,,,,,,,,,,,,,,,,,,,,,,,,,,,,,,,,,,,,,,,,,,,,,,,,,,,,,00,00,,,"001000000,000","0000000000,000",,
151707139706748,0001,fardo,0000050,fibria 100% planted eucalyptus,made in brazil,,,,,,,,,,,,,,,,,,,,,,,,,,,,,,,,,,,,,,,,,,,,,,,,,,,,,00,00,,,"000100000,000","0000000000,000",,
151707139707710,0001,fardo,0002500,fibria 100% planted eucalyptus,made in brazil,,,,,,,,,,,,,,,,,,,,,,,,,,,,,,,,,,,,,,,,,,,,,,,,,,,,,00,00,,,"005000000,000","0000000000,000",,
151707139708872,0001,fardo,0000500,fibria 100% planted eucalyptus,made in brazil,,,,,,,,,,,,,,,,,,,,,,,,,,,,,,,,,,,,,,,,,,,,,,,,,,,,,00,00,,,"001000000,000","0000000000,000",,
151707139787489,0001,fardo,0000500,fibria 100% planted eucalyptus,made in brazil,,,,,,,,,,,,,,,,,,,,,,,,,,,,,,,,,,,,,,,,,,,,,,,,,,,,,00,00,,,"001000000,000","0000000000,000",,
151707139799495,0001,fardo,0002500,fibria 100% planted eucalyptus,made in brazil,,,,,,,,,,,,,,,,,,,,,,,,,,,,,,,,,,,,,,,,,,,,,,,,,,,,,00,00,,,"005000000,000","0000000000,000",,
151707139800922,0001,fardo,0002500,fibria 100% planted eucalyptus,made in brazil,,,,,,,,,,,,,,,,,,,,,,,,,,,,,,,,,,,,,,,,,,,,,,,,,,,,,00,00,,,"005000000,000","0000000000,000",,
151707141962985,0001,pallets,0000001,caterpillar brasil ltda.,pallet blade,,,,,,,,,,,,,,,,,,,,,,,,,,,,,,,,,,,,,,,,,,,,,,,,,,,,,00,00,,,"000001090,000","0000000002,730",,
151707141904942,0001,caixa de outros materiais,0000001,caterpillar brasil ltda.,(one) box accugrade,,,,,,,,,,,,,,,,,,,,,,,,,,,,,,,,,,,,,,,,,,,,,,,,,,,,,00,00,,,"000000057,000","0000000000,150",,
151707141904942,0002,caixa de outros materiais,0000001,caterpillar brasil ltda.,(one) box grab handles,,,,,,,,,,,,,,,,,,,,,,,,,,,,,,,,,,,,,,,,,,,,,,,,,,,,,00,00,,,"000000056,000","0000000000,180",,
151707141904942,0003,caixa de outros materiais,0000001,caterpillar brasil ltda.,(one) box installation,,,,,,,,,,,,,,,,,,,,,,,,,,,,,,,,,,,,,,,,,,,,,,,,,,,,,00,00,,,"000000707,000","0000000000,810",,
151707141904942,0004,outros,0000001,caterpillar brasil ltda.,(one) piece blade,,,,,,,,,,,,,,,,,,,,,,,,,,,,,,,,,,,,,,,,,,,,,,,,,,,,,00,00,,,"000003540,000","0000000010,650",,
151707141904942,0005,pallets,0000001,caterpillar brasil ltda.,(one) pallet push arm,,,,,,,,,,,,,,,,,,,,,,,,,,,,,,,,,,,,,,,,,,,,,,,,,,,,,00,00,,,"000001000,000","0000000001,800",,
151707141904942,0006,caixa de outros materiais,0000001,caterpillar brasil ltda.,(one) box installation,,,,,,,,,,,,,,,,,,,,,,,,,,,,,,,,,,,,,,,,,,,,,,,,,,,,,00,00,,,"000000707,000","0000000000,810",,
151707141904942,0007,pallets,0000001,caterpillar brasil ltda.,(one) pallet push arm,,,,,,,,,,,,,,,,,,,,,,,,,,,,,,,,,,,,,,,,,,,,,,,,,,,,,00,00,,,"000001000,000","0000000001,800",,
151707141904942,0008,outros,0000001,caterpillar brasil ltda.,(one) piece blade,,,,,,,,,,,,,,,,,,,,,,,,,,,,,,,,,,,,,,,,,,,,,,,,,,,,,00,00,,,"000003540,000","0000000010,650",,
151707141904942,0009,caixa de outros materiais,0000001,caterpillar brasil ltda.,(one) box grab handles,,,,,,,,,,,,,,,,,,,,,,,,,,,,,,,,,,,,,,,,,,,,,,,,,,,,,00,00,,,"000000056,000","0000000000,180",,
151707141906309,0001,outros,0000001,caterpillar brasil ltda.,(one) piece blade,,,,,,,,,,,,,,,,,,,,,,,,,,,,,,,,,,,,,,,,,,,,,,,,,,,,,00,00,,,"000003540,000","0000000010,820",,
151707141906309,0002,caixa de outros materiais,0000001,caterpillar brasil ltda.,(one) box installation,,,,,,,,,,,,,,,,,,,,,,,,,,,,,,,,,,,,,,,,,,,,,,,,,,,,,00,00,,,"000000707,000","0000000000,810",,
151707141906309,0003,caixa de outros materiais,0000001,caterpillar brasil ltda.,(one) box grab handles,,,,,,,,,,,,,,,,,,,,,,,,,,,,,,,,,,,,,,,,,,,,,,,,,,,,,00,00,,,"000000056,000","0000000000,180",,
151707141906309,0004,caixa de outros materiais,0000001,caterpillar brasil ltda.,(one) box accugrade,,,,,,,,,,,,,,,,,,,,,,,,,,,,,,,,,,,,,,,,,,,,,,,,,,,,,00,00,,,"000000057,000","0000000000,150",,
151707141906309,0005,pallets,0000001,caterpillar brasil ltda.,(one) pallet push arm,,,,,,,,,,,,,,,,,,,,,,,,,,,,,,,,,,,,,,,,,,,,,,,,,,,,,00,00,,,"000001000,000","0000000001,800",,
151707141905400,0001,caixa de outros materiais,0000001,caterpillar brasil ltda.,(one) box installation,,,,,,,,,,,,,,,,,,,,,,,,,,,,,,,,,,,,,,,,,,,,,,,,,,,,,00,00,,,"000000707,000","0000000000,810",,
151707141905400,0002,caixa de outros materiais,0000001,caterpillar brasil ltda.,(one) box grab handles,,,,,,,,,,,,,,,,,,,,,,,,,,,,,,,,,,,,,,,,,,,,,,,,,,,,,00,00,,,"000000056,000","0000000000,180",,
151707141905400,0003,outros,0000001,caterpillar brasil ltda.,(one) piece blade,,,,,,,,,,,,,,,,,,,,,,,,,,,,,,,,,,,,,,,,,,,,,,,,,,,,,00,00,,,"000003540,000","0000000010,650",,
151707141905400,0004,pallets,0000001,caterpillar brasil ltda.,(one) pallet push arm,,,,,,,,,,,,,,,,,,,,,,,,,,,,,,,,,,,,,,,,,,,,,,,,,,,,,00,00,,,"000001000,000","0000000001,800",,
151707141254123,0001,outros,0000561,.,.,,,,,,,,,,,,,,,,,,,,,,,,,,,,,,,,,,,,,,,,,,,,,,,,,,,,,00,00,,,"001122000,000","0000000000,000",,
151707141254204,0001,outros,0000310,.,.,,,,,,,,,,,,,,,,,,,,,,,,,,,,,,,,,,,,,,,,,,,,,,,,,,,,,00,00,,,"000620000,000","0000000000,000",,
151707143435419,0001,outros,0003500,.,.,,,,,,,,,,,,,,,,,,,,,,,,,,,,,,,,,,,,,,,,,,,,,,,,,,,,,00,00,,,"007000000,000","0000000000,000",,
151707141404036,0001,pallets,0000001,caterpillar brasil ltda,6rtyh-02,,,,,,,,,,,,,,,,,,,,,,,,,,,,,,,,,,,,,,,,,,,,,,,,,,,,,00,00,,,"000001090,000","0000000000,000",,
151707141404117,0001,caixa de outros materiais,0000001,metso brasil industria e comercio ltda,hp400sor0132-03,,,,,,,,,,,,,,,,,,,,,,,,,,,,,,,,,,,,,,,,,,,,,,,,,,,,,00,00,,,"000000730,000","0000000000,000",,
151707141404117,0002,caixa de outros materiais,0000001,metso brasil industria e comercio ltda,hp400sor0132-02,,,,,,,,,,,,,,,,,,,,,,,,,,,,,,,,,,,,,,,,,,,,,,,,,,,,,00,00,,,"000001240,000","0000000000,000",,
151707141404117,0003,peca,0000001,metso brasil industria e comercio ltda,hp400sor0132-01,,,,,,,,,,,,,,,,,,,,,,,,,,,,,,,,,,,,,,,,,,,,,,,,,,,,,00,00,,,"000021000,000","0000000000,000",,
151707141404206,0001,pallets,0000001,caterpillar brasil ltda,6rfwh-01,,,,,,,,,,,,,,,,,,,,,,,,,,,,,,,,,,,,,,,,,,,,,,,,,,,,,00,00,,,"000002110,000","0000000000,000",,
151707141404974,0001,pallets,0000001,volvo do brasil veiculos ltda -,vce0l70feh0072442a,,,,,,,,,,,,,,,,,,,,,,,,,,,,,,,,,,,,,,,,,,,,,,,,,,,,,00,00,,,"000000525,000","0000000000,000",,
151707141405199,0003,caixa de outros materiais,0000001,cnh industrial brasil ltda - 01.844.555/0028-00,prcy8800hhpa03327b,,,,,,,,,,,,,,,,,,,,,,,,,,,,,,,,,,,,,,,,,,,,,,,,,,,,,00,00,,,"000001800,000","0000000000,000",,
151707141405199,0004,caixa de outros materiais,0000001,cnh industrial brasil ltda - 01.844.555/0028-00,prcy8800hhpa03327a,,,,,,,,,,,,,,,,,,,,,,,,,,,,,,,,,,,,,,,,,,,,,,,,,,,,,00,00,,,"000002900,000","0000000000,000",,
151707141405199,0005,caixa de outros materiais,0000001,cnh industrial brasil ltda - 01.844.555/0028-00,prcy8800hhpa03326b,,,,,,,,,,,,,,,,,,,,,,,,,,,,,,,,,,,,,,,,,,,,,,,,,,,,,00,00,,,"000001800,000","0000000000,000",,
151707141405199,0006,caixa de outros materiais,0000001,cnh industrial brasil ltda - 01.844.555/0028-00,prcy8800hhpa03326a,,,,,,,,,,,,,,,,,,,,,,,,,,,,,,,,,,,,,,,,,,,,,,,,,,,,,00,00,,,"000002900,000","0000000000,000",,
151707141405270,0002,peca,0000001,komatsu do brasil ltda. cnpj: 44.410.199/0001-00,kmt0d129lhbb60412a,,,,,,,,,,,,,,,,,,,,,,,,,,,,,,,,,,,,,,,,,,,,,,,,,,,,,00,00,,,"000001335,000","0000000000,000",,
151707141405350,0003,peca,0000001,caterpillar brasil ltda,6lsjz-06,,,,,,,,,,,,,,,,,,,,,,,,,,,,,,,,,,,,,,,,,,,,,,,,,,,,,00,00,,,"000000052,000","0000000000,000",,
151707141405350,0004,peca,0000001,caterpillar brasil ltda,6lsjy-06,,,,,,,,,,,,,,,,,,,,,,,,,,,,,,,,,,,,,,,,,,,,,,,,,,,,,00,00,,,"000000052,000","0000000000,000",,
151707141405350,0005,pallets,0000001,caterpillar brasil ltda,6lsjz-05,,,,,,,,,,,,,,,,,,,,,,,,,,,,,,,,,,,,,,,,,,,,,,,,,,,,,00,00,,,"000000056,000","0000000000,000",,
151707141405350,0006,pallets,0000001,caterpillar brasil ltda,6lsjy-05,,,,,,,,,,,,,,,,,,,,,,,,,,,,,,,,,,,,,,,,,,,,,,,,,,,,,00,00,,,"000000056,000","0000000000,000",,
151707141405350,0007,caixa de outros materiais,0000001,caterpillar brasil ltda,6lsjz-04,,,,,,,,,,,,,,,,,,,,,,,,,,,,,,,,,,,,,,,,,,,,,,,,,,,,,00,00,,,"000000890,000","0000000000,000",,
151707141405350,0008,caixa de outros materiais,0000001,caterpillar brasil ltda,6lsjy-04,,,,,,,,,,,,,,,,,,,,,,,,,,,,,,,,,,,,,,,,,,,,,,,,,,,,,00,00,,,"000000890,000","0000000000,000",,
151707141405350,0009,caixa de outros materiais,0000001,caterpillar brasil ltda,6lsjy-03,,,,,,,,,,,,,,,,,,,,,,,,,,,,,,,,,,,,,,,,,,,,,,,,,,,,,00,00,,,"000003540,000","0000000000,000",,
151707141405350,0010,caixa de outros materiais,0000001,caterpillar brasil ltda,6lsjz-03,,,,,,,,,,,,,,,,,,,,,,,,,,,,,,,,,,,,,,,,,,,,,,,,,,,,,00,00,,,"000003540,000","0000000000,000",,
151707141405350,0011,caixa de outros materiais,0000001,caterpillar brasil ltda,6lsjz-02,,,,,,,,,,,,,,,,,,,,,,,,,,,,,,,,,,,,,,,,,,,,,,,,,,,,,00,00,,,"000001000,000","0000000000,000",,
151707141405350,0012,caixa de outros materiais,0000001,caterpillar brasil ltda,6lsjy-02,,,,,,,,,,,,,,,,,,,,,,,,,,,,,,,,,,,,,,,,,,,,,,,,,,,,,00,00,,,"000001000,000","0000000000,000",,
151707141405512,0001,peca,0000001,komatsu do brasil ltda. cnpj: 44.410.199/0001-00,kmt0d129chbb60406a,,,,,,,,,,,,,,,,,,,,,,,,,,,,,,,,,,,,,,,,,,,,,,,,,,,,,00,00,,,"000001335,000","0000000000,000",,
151707141405512,0002,peca,0000001,komatsu do brasil ltda. cnpj: 44.410.199/0001-00,kmt0d129chbb60415a,,,,,,,,,,,,,,,,,,,,,,,,,,,,,,,,,,,,,,,,,,,,,,,,,,,,,00,00,,,"000001335,000","0000000000,000",,
151707141405512,0003,peca,0000001,komatsu do brasil ltda. cnpj: 44.410.199/0001-00,kmt0d129hhbb60413a,,,,,,,,,,,,,,,,,,,,,,,,,,,,,,,,,,,,,,,,,,,,,,,,,,,,,00,00,,,"000001335,000","0000000000,000",,
151707141405512,0004,peca,0000001,komatsu do brasil ltda. cnpj: 44.410.199/0001-00,kmt0d129ehbb60414a,,,,,,,,,,,,,,,,,,,,,,,,,,,,,,,,,,,,,,,,,,,,,,,,,,,,,00,00,,,"000001335,000","0000000000,000",,
151707141405601,0003,peca,0000001,komatsu do brasil ltda. cnpj: 44.410.199/0001-00,kmt0d129vhbb60407a,,,,,,,,,,,,,,,,,,,,,,,,,,,,,,,,,,,,,,,,,,,,,,,,,,,,,00,00,,,"000001335,000","0000000000,000",,
151707141405601,0004,peca,0000001,komatsu do brasil ltda. cnpj: 44.410.199/0001-00,kmt0d129thbb60416a,,,,,,,,,,,,,,,,,,,,,,,,,,,,,,,,,,,,,,,,,,,,,,,,,,,,,00,00,,,"000001335,000","0000000000,000",,
151707141407051,0009,pallets,0000001,cnh industrial brasil ltda - 01.844.555/0026-30,jhfy5130phjg08546-09,,,,,,,,,,,,,,,,,,,,,,,,,,,,,,,,,,,,,,,,,,,,,,,,,,,,,00,00,,,"000001000,000","0000000000,000",,
151707141407051,0010,pallets,0000001,cnh industrial brasil ltda - 01.844.555/0026-30,jhfy5130thjg08240-09,,,,,,,,,,,,,,,,,,,,,,,,,,,,,,,,,,,,,,,,,,,,,,,,,,,,,00,00,,,"000000930,000","0000000000,000",,
151707141407051,0013,caixa de outros materiais,0000001,cnh industrial brasil ltda - 01.844.555/0026-30,jhfy5130thjg08240-01,,,,,,,,,,,,,,,,,,,,,,,,,,,,,,,,,,,,,,,,,,,,,,,,,,,,,00,00,,,"000000358,500","0000000000,000",,
151707141407051,0014,caixa de outros materiais,0000001,cnh industrial brasil ltda - 01.844.555/0026-30,jhfy5130thjg08240-02,,,,,,,,,,,,,,,,,,,,,,,,,,,,,,,,,,,,,,,,,,,,,,,,,,,,,00,00,,,"000000148,000","0000000000,000",,
151707141407051,0015,caixa de outros materiais,0000001,cnh industrial brasil ltda - 01.844.555/0026-30,jhfy5130thjg08240-04,,,,,,,,,,,,,,,,,,,,,,,,,,,,,,,,,,,,,,,,,,,,,,,,,,,,,00,00,,,"000000245,000","0000000000,000",,
151707141407051,0016,caixa de outros materiais,0000001,cnh industrial brasil ltda - 01.844.555/0026-30,jhfy5130phjg08546-04,,,,,,,,,,,,,,,,,,,,,,,,,,,,,,,,,,,,,,,,,,,,,,,,,,,,,00,00,,,"000000245,000","0000000000,000",,
151707141407051,0017,caixa de outros materiais,0000001,cnh industrial brasil ltda - 01.844.555/0026-30,jhfy5130phjg08546-03,,,,,,,,,,,,,,,,,,,,,,,,,,,,,,,,,,,,,,,,,,,,,,,,,,,,,00,00,,,"000000089,500","0000000000,000",,
151707141407051,0018,caixa de outros materiais,0000001,cnh industrial brasil ltda - 01.844.555/0026-30,jhfy5130phjg08546-02,,,,,,,,,,,,,,,,,,,,,,,,,,,,,,,,,,,,,,,,,,,,,,,,,,,,,00,00,,,"000000148,000","0000000000,000",,
151707141407051,0019,caixa de outros materiais,0000001,cnh industrial brasil ltda - 01.844.555/0026-30,jhfy5130phjg08546-01,,,,,,,,,,,,,,,,,,,,,,,,,,,,,,,,,,,,,,,,,,,,,,,,,,,,,00,00,,,"000000358,500","0000000000,000",,
151707141407051,0020,caixa de outros materiais,0000001,cnh industrial brasil ltda - 01.844.555/0026-30,jhfy5130thjg08240-03,,,,,,,,,,,,,,,,,,,,,,,,,,,,,,,,,,,,,,,,,,,,,,,,,,,,,00,00,,,"000000089,500","0000000000,000",,
151707141407728,0001,pallets,0000001,caterpillar brasil ltda,6vvxj-02,,,,,,,,,,,,,,,,,,,,,,,,,,,,,,,,,,,,,,,,,,,,,,,,,,,,,00,00,,,"000001340,000","0000000000,000",,
151707141407728,0003,peca,0000001,caterpillar brasil ltda,6vvxj-03,,,,,,,,,,,,,,,,,,,,,,,,,,,,,,,,,,,,,,,,,,,,,,,,,,,,,00,00,,,"000001400,000","0000000000,000",,
151707141408023,0002,peca,0000001,caterpillar brasil ltda,6wgvq-04,,,,,,,,,,,,,,,,,,,,,,,,,,,,,,,,,,,,,,,,,,,,,,,,,,,,,00,00,,,"000002830,000","0000000000,000",,
151707141408023,0003,caixa de outros materiais,0000001,caterpillar brasil ltda,6wgvq-02,,,,,,,,,,,,,,,,,,,,,,,,,,,,,,,,,,,,,,,,,,,,,,,,,,,,,00,00,,,"000000707,000","0000000000,000",,
151707141408023,0004,pallets,0000001,caterpillar brasil ltda,6wgvq-03,,,,,,,,,,,,,,,,,,,,,,,,,,,,,,,,,,,,,,,,,,,,,,,,,,,,,00,00,,,"000001000,000","0000000000,000",,
151707141383799,0001,peca,0000001,worldwide machinery do brasil maquinas para,28799,,,,,,,,,,,,,,,,,,,,,,,,,,,,,,,,,,,,,,,,,,,,,,,,,,,,,00,00,,,"000032796,000","0000000000,000",,
151707141384680,0003,pallets,0000001,caterpillar brasil ltda,6rpwm-02,,,,,,,,,,,,,,,,,,,,,,,,,,,,,,,,,,,,,,,,,,,,,,,,,,,,,00,00,,,"000001200,000","0000000000,000",,
151707141384680,0004,pallets,0000001,caterpillar brasil ltda,6rxmf-02,,,,,,,,,,,,,,,,,,,,,,,,,,,,,,,,,,,,,,,,,,,,,,,,,,,,,00,00,,,"000001090,000","0000000000,000",,
151707141384841,0001,caixa de outros materiais,0000001,caterpillar brasil ltda,6nxvz-02,,,,,,,,,,,,,,,,,,,,,,,,,,,,,,,,,,,,,,,,,,,,,,,,,,,,,00,00,,,"000000707,000","0000000000,000",,
151707141384841,0002,caixa de outros materiais,0000001,caterpillar brasil ltda,6mtkc-02,,,,,,,,,,,,,,,,,,,,,,,,,,,,,,,,,,,,,,,,,,,,,,,,,,,,,00,00,,,"000000707,000","0000000000,000",,
151707141384841,0005,peca,0000001,caterpillar brasil ltda,6nxvz-06,,,,,,,,,,,,,,,,,,,,,,,,,,,,,,,,,,,,,,,,,,,,,,,,,,,,,00,00,,,"000003540,000","0000000000,000",,
151707141384841,0006,peca,0000001,caterpillar brasil ltda,6mtkc-06,,,,,,,,,,,,,,,,,,,,,,,,,,,,,,,,,,,,,,,,,,,,,,,,,,,,,00,00,,,"000003540,000","0000000000,000",,
151707141384841,0007,pallets,0000001,caterpillar brasil ltda,6mtkc-03,,,,,,,,,,,,,,,,,,,,,,,,,,,,,,,,,,,,,,,,,,,,,,,,,,,,,00,00,,,"000001000,000","0000000000,000",,
151707141384841,0008,pallets,0000001,caterpillar brasil ltda,6nxvz-03,,,,,,,,,,,,,,,,,,,,,,,,,,,,,,,,,,,,,,,,,,,,,,,,,,,,,00,00,,,"000001000,000","0000000000,000",,
151707141384841,0009,caixa de outros materiais,0000001,caterpillar brasil ltda,6nxvz-05,,,,,,,,,,,,,,,,,,,,,,,,,,,,,,,,,,,,,,,,,,,,,,,,,,,,,00,00,,,"000000057,000","0000000000,000",,
151707141384841,0010,caixa de outros materiais,0000001,caterpillar brasil ltda,6mtkc-05,,,,,,,,,,,,,,,,,,,,,,,,,,,,,,,,,,,,,,,,,,,,,,,,,,,,,00,00,,,"000000057,000","0000000000,000",,
151707141384841,0011,caixa de outros materiais,0000001,caterpillar brasil ltda,6nxvz-04,,,,,,,,,,,,,,,,,,,,,,,,,,,,,,,,,,,,,,,,,,,,,,,,,,,,,00,00,,,"000000056,000","0000000000,000",,
151707141384841,0012,caixa de outros materiais,0000001,caterpillar brasil ltda,6mtkc-04,,,,,,,,,,,,,,,,,,,,,,,,,,,,,,,,,,,,,,,,,,,,,,,,,,,,,00,00,,,"000000056,000","0000000000,000",,
151707141384922,0001,caixa de outros materiais,0000001,caterpillar brasil ltda,6rxjs-04,,,,,,,,,,,,,,,,,,,,,,,,,,,,,,,,,,,,,,,,,,,,,,,,,,,,,00,00,,,"000000057,000","0000000000,000",,
151707141384922,0003,pallets,0000001,caterpillar brasil ltda,6rxjs-02,,,,,,,,,,,,,,,,,,,,,,,,,,,,,,,,,,,,,,,,,,,,,,,,,,,,,00,00,,,"000001000,000","0000000000,000",,
151707141384922,0004,caixa de outros materiais,0000001,caterpillar brasil ltda,6rxjs-03,,,,,,,,,,,,,,,,,,,,,,,,,,,,,,,,,,,,,,,,,,,,,,,,,,,,,00,00,,,"000000056,000","0000000000,000",,
151707141385147,0003,pallets,0000001,caterpillar brasil ltda,6rmwj-02,,,,,,,,,,,,,,,,,,,,,,,,,,,,,,,,,,,,,,,,,,,,,,,,,,,,,00,00,,,"000001200,000","0000000000,000",,
151707141385147,0004,pallets,0000001,caterpillar brasil ltda,6rmwk-02,,,,,,,,,,,,,,,,,,,,,,,,,,,,,,,,,,,,,,,,,,,,,,,,,,,,,00,00,,,"000001200,000","0000000000,000",,
151707141385228,0003,pallets,0000001,caterpillar brasil ltda,6ppkt-02,,,,,,,,,,,,,,,,,,,,,,,,,,,,,,,,,,,,,,,,,,,,,,,,,,,,,00,00,,,"000001200,000","0000000000,000",,
151707141385228,0004,pallets,0000001,caterpillar brasil ltda,6rmwk-02,,,,,,,,,,,,,,,,,,,,,,,,,,,,,,,,,,,,,,,,,,,,,,,,,,,,,00,00,,,"000001200,000","0000000000,000",,
151707141385570,0001,peca,0000001,komatsu do brasil ltda. cnpj: 44.410.199/0001-00,kmt0d129vhbb60410a,,,,,,,,,,,,,,,,,,,,,,,,,,,,,,,,,,,,,,,,,,,,,,,,,,,,,00,00,,,"000001335,000","0000000000,000",,
151707141385570,0002,peca,0000001,komatsu do brasil ltda. cnpj: 44.410.199/0001-00,kmt0d129lhbb60409a,,,,,,,,,,,,,,,,,,,,,,,,,,,,,,,,,,,,,,,,,,,,,,,,,,,,,00,00,,,"000001335,000","0000000000,000",,
151707141385570,0003,peca,0000001,komatsu do brasil ltda. cnpj: 44.410.199/0001-00,kmt0d129ahbb60411a,,,,,,,,,,,,,,,,,,,,,,,,,,,,,,,,,,,,,,,,,,,,,,,,,,,,,00,00,,,"000001335,000","0000000000,000",,
151707141385570,0004,peca,0000001,komatsu do brasil ltda. cnpj: 44.410.199/0001-00,kmt0d129ahbb60408a,,,,,,,,,,,,,,,,,,,,,,,,,,,,,,,,,,,,,,,,,,,,,,,,,,,,,00,00,,,"000001335,000","0000000000,000",,
151707141385902,0001,pallets,0000001,caterpillar brasil ltda,6rpwp-02,,,,,,,,,,,,,,,,,,,,,,,,,,,,,,,,,,,,,,,,,,,,,,,,,,,,,00,00,,,"000001340,000","0000000000,000",,
151707141385902,0004,pallets,0000001,caterpillar brasil ltda,6pjnq-02,,,,,,,,,,,,,,,,,,,,,,,,,,,,,,,,,,,,,,,,,,,,,,,,,,,,,00,00,,,"000001110,000","0000000000,000",,
151707141386038,0001,pallets,0000001,caterpillar brasil ltda,6mhxz-04,,,,,,,,,,,,,,,,,,,,,,,,,,,,,,,,,,,,,,,,,,,,,,,,,,,,,00,00,,,"000001000,000","0000000000,000",,
151707141386038,0002,pallets,0000001,caterpillar brasil ltda,6mhyh-04,,,,,,,,,,,,,,,,,,,,,,,,,,,,,,,,,,,,,,,,,,,,,,,,,,,,,00,00,,,"000001000,000","0000000000,000",,
151707141386038,0003,peca,0000001,caterpillar brasil ltda,6mhxz-03,,,,,,,,,,,,,,,,,,,,,,,,,,,,,,,,,,,,,,,,,,,,,,,,,,,,,00,00,,,"000003540,000","0000000000,000",,
151707141386038,0004,peca,0000001,caterpillar brasil ltda,6mhyh-03,,,,,,,,,,,,,,,,,,,,,,,,,,,,,,,,,,,,,,,,,,,,,,,,,,,,,00,00,,,"000003540,000","0000000000,000",,
151707141386038,0005,caixa de outros materiais,0000001,caterpillar brasil ltda,6mhxz-02,,,,,,,,,,,,,,,,,,,,,,,,,,,,,,,,,,,,,,,,,,,,,,,,,,,,,00,00,,,"000000720,000","0000000000,000",,
151707141386038,0006,caixa de outros materiais,0000001,caterpillar brasil ltda,6mhyh-02,,,,,,,,,,,,,,,,,,,,,,,,,,,,,,,,,,,,,,,,,,,,,,,,,,,,,00,00,,,"000000707,000","0000000000,000",,
151707141382806,0001,peca,0000001,deugro brasil ltda,moving bolster right # 6,,,,,,,,,,,,,,,,,,,,,,,,,,,,,,,,,,,,,,,,,,,,,,,,,,,,,00,00,,,"000021500,000","0000000000,000",,
151707141382806,0002,peca,0000001,deugro brasil ltda,moving bolster right # 6,,,,,,,,,,,,,,,,,,,,,,,,,,,,,,,,,,,,,,,,,,,,,,,,,,,,,00,00,,,"000021500,000","0000000000,000",,
151707141382806,0003,peca,0000001,deugro brasil ltda,moving bolster right # 5,,,,,,,,,,,,,,,,,,,,,,,,,,,,,,,,,,,,,,,,,,,,,,,,,,,,,00,00,,,"000021500,000","0000000000,000",,
151707141382806,0004,peca,0000001,deugro brasil ltda,moving bolster right # 5,,,,,,,,,,,,,,,,,,,,,,,,,,,,,,,,,,,,,,,,,,,,,,,,,,,,,00,00,,,"000021500,000","0000000000,000",,
151707141382806,0005,peca,0000001,deugro brasil ltda,moving bolster right # 4,,,,,,,,,,,,,,,,,,,,,,,,,,,,,,,,,,,,,,,,,,,,,,,,,,,,,00,00,,,"000021500,000","0000000000,000",,
151707141382806,0006,peca,0000001,deugro brasil ltda,moving bolster right # 4,,,,,,,,,,,,,,,,,,,,,,,,,,,,,,,,,,,,,,,,,,,,,,,,,,,,,00,00,,,"000021500,000","0000000000,000",,
151707141382806,0007,peca,0000001,deugro brasil ltda,moving bolster right # 3,,,,,,,,,,,,,,,,,,,,,,,,,,,,,,,,,,,,,,,,,,,,,,,,,,,,,00,00,,,"000021500,000","0000000000,000",,
151707141382806,0008,peca,0000001,deugro brasil ltda,moving bolster right # 3,,,,,,,,,,,,,,,,,,,,,,,,,,,,,,,,,,,,,,,,,,,,,,,,,,,,,00,00,,,"000021500,000","0000000000,000",,
151707141382806,0009,peca,0000001,deugro brasil ltda,moving bolster - 221,,,,,,,,,,,,,,,,,,,,,,,,,,,,,,,,,,,,,,,,,,,,,,,,,,,,,00,00,,,"000024000,000","0000000000,000",,
151707141382806,0010,peca,0000001,deugro brasil ltda,moving bolster - 211,,,,,,,,,,,,,,,,,,,,,,,,,,,,,,,,,,,,,,,,,,,,,,,,,,,,,00,00,,,"000024000,000","0000000000,000",,
151707141382806,0011,peca,0000001,deugro brasil ltda,moving bolster - 221,,,,,,,,,,,,,,,,,,,,,,,,,,,,,,,,,,,,,,,,,,,,,,,,,,,,,00,00,,,"000039000,000","0000000000,000",,
151707141382806,0012,peca,0000001,deugro brasil ltda,moving bolster - 211,,,,,,,,,,,,,,,,,,,,,,,,,,,,,,,,,,,,,,,,,,,,,,,,,,,,,00,00,,,"000039000,000","0000000000,000",,
151707141382989,0001,peca,0000001,expeditors international do brasil,e172444-02,,,,,,,,,,,,,,,,,,,,,,,,,,,,,,,,,,,,,,,,,,,,,,,,,,,,,00,00,,,"000001790,000","0000000000,000",,
151707141382989,0002,peca,0000001,expeditors international do brasil,e172444-01,,,,,,,,,,,,,,,,,,,,,,,,,,,,,,,,,,,,,,,,,,,,,,,,,,,,,00,00,,,"000029050,000","0000000000,000",,
151707143871154,0001,caixa de outros materiais,0000003,caterpillar brasil ltda,machinery,,,,,,,,,,,,,,,,,,,,,,,,,,,,,,,,,,,,,,,,,,,,,,,,,,,,,00,00,,,"000005250,000","0000000013,260",,
151707143871235,0001,caixa de outros materiais,0000005,caterpillar brasil ltda,machinery,,,,,,,,,,,,,,,,,,,,,,,,,,,,,,,,,,,,,,,,,,,,,,,,,,,,,00,00,,,"000006013,000","0000000018,070",,
151707143871316,0001,caixa de outros materiais,0000005,caterpillar brasil ltda,machinery,,,,,,,,,,,,,,,,,,,,,,,,,,,,,,,,,,,,,,,,,,,,,,,,,,,,,00,00,,,"000006013,000","0000000018,070",,
151707143871405,0001,caixa de outros materiais,0000005,caterpillar brasil ltda,machinery,,,,,,,,,,,,,,,,,,,,,,,,,,,,,,,,,,,,,,,,,,,,,,,,,,,,,00,00,,,"000006013,000","0000000018,070",,
151707143871820,0001,caixa de outros materiais,0000003,caterpillar brasil ltda,machinery,,,,,,,,,,,,,,,,,,,,,,,,,,,,,,,,,,,,,,,,,,,,,,,,,,,,,00,00,,,"000004537,000","0000000012,790",,
151707141447517,0001,outros,0000007,embraer empresa brasileira de,fuselage and wing,,,,,,,,,,,,,,,,,,,,,,,,,,,,,,,,,,,,,,,,,,,,,,,,,,,,,00,00,,,"000028601,000","0000000745,745",,
151707141566877,0003,outros,0000002,delmar,plataforma,,,,,,,,,,,,,,,,,,,,,,,,,,,,,,,,,,,,,,,,,,,,,,,,,,,,,00,00,,,"000008473,000","0000000086,955",,
151707150162694,0001,outros,0000450,.,.,,,,,,,,,,,,,,,,,,,,,,,,,,,,,,,,,,,,,,,,,,,,,,,,,,,,,00,00,,,"000900000,000","0000000000,000",,
151707150165529,0001,outros,0000300,.,.,,,,,,,,,,,,,,,,,,,,,,,,,,,,,,,,,,,,,,,,,,,,,,,,,,,,,00,00,,,"000600000,000","0000000000,000",,
151707150167904,0001,outros,0000250,.,.,,,,,,,,,,,,,,,,,,,,,,,,,,,,,,,,,,,,,,,,,,,,,,,,,,,,,00,00,,,"000500000,000","0000000000,000",,
151707150169605,0001,outros,0001000,.,.,,,,,,,,,,,,,,,,,,,,,,,,,,,,,,,,,,,,,,,,,,,,,,,,,,,,,00,00,,,"002000000,000","0000000000,000",,
151707150180919,0001,outros,0000250,.,.,,,,,,,,,,,,,,,,,,,,,,,,,,,,,,,,,,,,,,,,,,,,,,,,,,,,,00,00,,,"000500000,000","0000000000,000",,
151707150181214,0001,outros,0000550,.,.,,,,,,,,,,,,,,,,,,,,,,,,,,,,,,,,,,,,,,,,,,,,,,,,,,,,,00,00,,,"001100000,000","0000000000,000",,
151707150182296,0001,outros,0000029,.,.,,,,,,,,,,,,,,,,,,,,,,,,,,,,,,,,,,,,,,,,,,,,,,,,,,,,,00,00,,,"000058000,000","0000000000,000",,
151707150183268,0001,outros,0000640,.,.,,,,,,,,,,,,,,,,,,,,,,,,,,,,,,,,,,,,,,,,,,,,,,,,,,,,,00,00,,,"001280000,000","0000000000,000",,
151707150234199,0001,outros,0000028,.,.,,,,,,,,,,,,,,,,,,,,,,,,,,,,,,,,,,,,,,,,,,,,,,,,,,,,,00,00,,,"000056000,000","0000000000,000",,
151707150236051,0001,outros,0001000,.,.,,,,,,,,,,,,,,,,,,,,,,,,,,,,,,,,,,,,,,,,,,,,,,,,,,,,,00,00,,,"002000000,000","0000000000,000",,
151707150237457,0001,outros,0001000,.,.,,,,,,,,,,,,,,,,,,,,,,,,,,,,,,,,,,,,,,,,,,,,,,,,,,,,,00,00,,,"002000000,000","0000000000,000",,
151707148300783,0001,outros,0000750,.,.,,,,,,,,,,,,,,,,,,,,,,,,,,,,,,,,,,,,,,,,,,,,,,,,,,,,,00,00,,,"001500000,000","0000000000,000",,
151707143972007,0001,outros,0006918,.,.,,,,,,,,,,,,,,,,,,,,,,,,,,,,,,,,,,,,,,,,,,,,,,,,,,,,,00,00,,,"013836000,000","0000000000,000",,
151707143972180,0001,outros,0000966,.,.,,,,,,,,,,,,,,,,,,,,,,,,,,,,,,,,,,,,,,,,,,,,,,,,,,,,,00,00,,,"001932000,000","0000000000,000",,
151707143972260,0001,outros,0000134,.,.,,,,,,,,,,,,,,,,,,,,,,,,,,,,,,,,,,,,,,,,,,,,,,,,,,,,,00,00,,,"000268000,000","0000000000,000",,
151707143972341,0001,outros,0001420,.,.,,,,,,,,,,,,,,,,,,,,,,,,,,,,,,,,,,,,,,,,,,,,,,,,,,,,,00,00,,,"002840000,000","0000000000,000",,
151707143972422,0001,outros,0005812,.,.,,,,,,,,,,,,,,,,,,,,,,,,,,,,,,,,,,,,,,,,,,,,,,,,,,,,,00,00,,,"011624000,000","0000000000,000",,
151707146940009,0002,outros,0000002,caterpillar inc.,pallet and piece,,,,,,,,,,,,,,,,,,,,,,,,,,,,,,,,,,,,,,,,,,,,,,,,,,,,,00,00,,,"000002500,000","0000000007,910",,
151707146895100,0001,outros,0000008,geodis,forno e boxes,,,,,,,,,,,,,,,,,,,,,,,,,,,,,,,,,,,,,,,,,,,,,,,,,,,,,00,00,,,"000056000,000","0000000345,000",,
151707146896425,0002,outros,0000003,caterpillar inc.,box pallet piece,,,,,,,,,,,,,,,,,,,,,,,,,,,,,,,,,,,,,,,,,,,,,,,,,,,,,00,00,,,"000004537,000","0000000012,850",,
151707146896506,0001,outros,0000001,caterpillar inc.,pallet,,,,,,,,,,,,,,,,,,,,,,,,,,,,,,,,,,,,,,,,,,,,,,,,,,,,,00,00,,,"000001669,000","0000000004,240",,
151707146896697,0001,outros,0000001,caterpillar inc.,pallet,,,,,,,,,,,,,,,,,,,,,,,,,,,,,,,,,,,,,,,,,,,,,,,,,,,,,00,00,,,"000001669,000","0000000004,240",,
151707146528035,0003,outros,0000001,steimetz,kit,,,,,,,,,,,,,,,,,,,,,,,,,,,,,,,,,,,,,,,,,,,,,,,,,,,,,00,00,,,"000000190,000","0000000000,447",,
151707148731091,0001,outros,0000004,roll-logistics brasil ltda,auto/truck parts& tires,,,,,,,,,,,,,,,,,,,,,,,,,,,,,,,,,,,,,,,,,,,,,,,,,,,,,00,00,,,"000019200,000","0000000005,095",,
151707148731172,0001,outros,0000004,roll-logistics brasil ltda,auto/truck parts& tires,,,,,,,,,,,,,,,,,,,,,,,,,,,,,,,,,,,,,,,,,,,,,,,,,,,,,00,00,,,"000019200,000","0000000002,638",,
151707148731253,0001,outros,0000004,roll-logistics brasil ltda,auto/truck parts& tires,,,,,,,,,,,,,,,,,,,,,,,,,,,,,,,,,,,,,,,,,,,,,,,,,,,,,00,00,,,"000019200,000","0000000005,095",,
151707151366129,0001,outros,0000052,s/m,s/m,,,,,,,,,,,,,,,,,,,,,,,,,,,,,,,,,,,,,,,,,,,,,,,,,,,,,00,00,,,"000081933,000","0000001033,770",,
151707150388315,0001,pallets,0000001,caterpillar brasil,d6n xl tractor dcs-1 a57l,,,,,,,,,,,,,,,,,,,,,,,,,,,,,,,,,,,,,,,,,,,,,,,,,,,,,00,00,,,"000001110,000","0000000002,500",,
151707150388749,0001,caixa de outros materiais,0000001,caterpillar brasil,d8t tractor a45l,,,,,,,,,,,,,,,,,,,,,,,,,,,,,,,,,,,,,,,,,,,,,,,,,,,,,00,00,,,"000000056,000","0000000000,180",,
151707150388749,0002,caixa de outros materiais,0000001,caterpillar brasil,d8t tractor a45l,,,,,,,,,,,,,,,,,,,,,,,,,,,,,,,,,,,,,,,,,,,,,,,,,,,,,00,00,,,"000000052,000","0000000000,120",,
151707150388749,0003,pallets,0000001,caterpillar brasil,d8t tractor a45l,,,,,,,,,,,,,,,,,,,,,,,,,,,,,,,,,,,,,,,,,,,,,,,,,,,,,00,00,,,"000001000,000","0000000002,190",,
151707150388749,0004,caixa de outros materiais,0000001,caterpillar brasil,d8t tractor a45l,,,,,,,,,,,,,,,,,,,,,,,,,,,,,,,,,,,,,,,,,,,,,,,,,,,,,00,00,,,"000000890,000","0000000001,180",,
151707150388820,0001,pallets,0000001,caterpillar brasil,d8t tractor a45l,,,,,,,,,,,,,,,,,,,,,,,,,,,,,,,,,,,,,,,,,,,,,,,,,,,,,00,00,,,"000001000,000","0000000001,800",,
151707150388820,0002,caixa de outros materiais,0000001,caterpillar brasil,d8t tractor a45l,,,,,,,,,,,,,,,,,,,,,,,,,,,,,,,,,,,,,,,,,,,,,,,,,,,,,00,00,,,"000000720,000","0000000000,750",,
151707150388820,0003,peca,0000001,caterpillar brasil,d8t tractor a45l,,,,,,,,,,,,,,,,,,,,,,,,,,,,,,,,,,,,,,,,,,,,,,,,,,,,,00,00,,,"000003540,000","0000000010,650",,
151707150388820,0004,caixa de outros materiais,0000001,caterpillar brasil,d8t tractor a45l,,,,,,,,,,,,,,,,,,,,,,,,,,,,,,,,,,,,,,,,,,,,,,,,,,,,,00,00,,,"000000056,000","0000000000,180",,
151707150508744,0001,caixa de outros materiais,0000001,cnh brasil tecnica universal,8800dc,,,,,,,,,,,,,,,,,,,,,,,,,,,,,,,,,,,,,,,,,,,,,,,,,,,,,00,00,,,"000000001,800","0000000014,780",,
151707150508744,0002,caixa de outros materiais,0000001,cnh brasil tecnica universal,8800dc,,,,,,,,,,,,,,,,,,,,,,,,,,,,,,,,,,,,,,,,,,,,,,,,,,,,,00,00,,,"000000002,900","0000000022,240",,
151707150508744,0003,caixa de outros materiais,0000001,cnh brasil tecnica universal,8800dc,,,,,,,,,,,,,,,,,,,,,,,,,,,,,,,,,,,,,,,,,,,,,,,,,,,,,00,00,,,"000000001,800","0000000014,780",,
151707150508744,0004,caixa de outros materiais,0000001,cnh brasil tecnica universal,8800dc,,,,,,,,,,,,,,,,,,,,,,,,,,,,,,,,,,,,,,,,,,,,,,,,,,,,,00,00,,,"000000001,800","0000000014,780",,
151707150508744,0005,caixa de outros materiais,0000001,cnh brasil tecnica universal,8800dc,,,,,,,,,,,,,,,,,,,,,,,,,,,,,,,,,,,,,,,,,,,,,,,,,,,,,00,00,,,"000000002,900","0000000022,240",,
151707150508744,0006,caixa de outros materiais,0000001,cnh brasil tecnica universal,8800dc,,,,,,,,,,,,,,,,,,,,,,,,,,,,,,,,,,,,,,,,,,,,,,,,,,,,,00,00,,,"000000002,900","0000000022,240",,
151707150508744,0007,caixa de outros materiais,0000001,cnh brasil tecnica universal,8800dc,,,,,,,,,,,,,,,,,,,,,,,,,,,,,,,,,,,,,,,,,,,,,,,,,,,,,00,00,,,"000000001,800","0000000014,780",,
151707150508744,0008,caixa de outros materiais,0000001,cnh brasil tecnica universal,8800dc,,,,,,,,,,,,,,,,,,,,,,,,,,,,,,,,,,,,,,,,,,,,,,,,,,,,,00,00,,,"000000002,900","0000000022,240",,
151707150508744,0009,caixa de outros materiais,0000001,cnh brasil tecnica universal,8800dc,,,,,,,,,,,,,,,,,,,,,,,,,,,,,,,,,,,,,,,,,,,,,,,,,,,,,00,00,,,"000000001,800","0000000014,780",,
151707150508744,0010,caixa de outros materiais,0000001,cnh brasil tecnica universal,8800dc,,,,,,,,,,,,,,,,,,,,,,,,,,,,,,,,,,,,,,,,,,,,,,,,,,,,,00,00,,,"000000002,900","0000000022,240",,
151707150508744,0011,caixa de outros materiais,0000001,cnh brasil tecnica universal,8800dc,,,,,,,,,,,,,,,,,,,,,,,,,,,,,,,,,,,,,,,,,,,,,,,,,,,,,00,00,,,"000000002,900","0000000022,240",,
151707150508744,0012,caixa de outros materiais,0000001,cnh brasil tecnica universal,8800dc,,,,,,,,,,,,,,,,,,,,,,,,,,,,,,,,,,,,,,,,,,,,,,,,,,,,,00,00,,,"000000001,800","0000000014,780",,
151707151142875,0001,peca,0000001,caterpillar brasil,d8t tractor am-s dcala,,,,,,,,,,,,,,,,,,,,,,,,,,,,,,,,,,,,,,,,,,,,,,,,,,,,,00,00,,,"000002830,000","0000000010,240",,
151707151142875,0002,caixa de outros materiais,0000001,caterpillar brasil,d8t trctor am-s dcala,,,,,,,,,,,,,,,,,,,,,,,,,,,,,,,,,,,,,,,,,,,,,,,,,,,,,00,00,,,"000000707,000","0000000000,810",,
151707151142875,0003,pallets,0000001,caterpillar brasil,d8t tractor am-s dcala,,,,,,,,,,,,,,,,,,,,,,,,,,,,,,,,,,,,,,,,,,,,,,,,,,,,,00,00,,,"000001000,000","0000000001,800",,
151707151306908,0001,caixa de outros materiais,0000001,allog,allog,,,,,,,,,,,,,,,,,,,,,,,,,,,,,,,,,,,,,,,,,,,,,,,,,,,,,00,00,,,"000000420,000","0000000002,600",,
151707151306908,0002,caixa de outros materiais,0000001,allog,allog,,,,,,,,,,,,,,,,,,,,,,,,,,,,,,,,,,,,,,,,,,,,,,,,,,,,,00,00,,,"000001110,000","0000000012,000",,
151707151306908,0003,caixa de outros materiais,0000001,allog,allog,,,,,,,,,,,,,,,,,,,,,,,,,,,,,,,,,,,,,,,,,,,,,,,,,,,,,00,00,,,"000000760,000","0000000009,850",,
151707151306908,0004,caixa de outros materiais,0000001,allog,allog,,,,,,,,,,,,,,,,,,,,,,,,,,,,,,,,,,,,,,,,,,,,,,,,,,,,,00,00,,,"000004030,000","0000000049,800",,
151707151307033,0001,caixa de outros materiais,0000001,allog,allog,,,,,,,,,,,,,,,,,,,,,,,,,,,,,,,,,,,,,,,,,,,,,,,,,,,,,00,00,,,"000000935,000","0000000010,750",,
151707151307033,0003,caixa de outros materiais,0000001,allog,allog,,,,,,,,,,,,,,,,,,,,,,,,,,,,,,,,,,,,,,,,,,,,,,,,,,,,,00,00,,,"000000486,000","0000000001,090",,
151707151307033,0004,caixa de outros materiais,0000001,allog,allog,,,,,,,,,,,,,,,,,,,,,,,,,,,,,,,,,,,,,,,,,,,,,,,,,,,,,00,00,,,"000001320,000","0000000019,740",,
151707151307033,0005,caixa de outros materiais,0000001,allog,allog,,,,,,,,,,,,,,,,,,,,,,,,,,,,,,,,,,,,,,,,,,,,,,,,,,,,,00,00,,,"000000263,000","0000000000,410",,
151707151307033,0006,caixa de outros materiais,0000001,allog,allog,,,,,,,,,,,,,,,,,,,,,,,,,,,,,,,,,,,,,,,,,,,,,,,,,,,,,00,00,,,"000002260,000","0000000017,850",,
151707151307033,0002,caixa de outros materiais,0000001,allog,allog,,,,,,,,,,,,,,,,,,,,,,,,,,,,,,,,,,,,,,,,,,,,,,,,,,,,,00,00,,,"000000890,000","0000000010,380",,
151707150077077,0001,outros,0000025,tupi bv,tupi bv,,,,,,,,,,,,,,,,,,,,,,,,,,,,,,,,,,,,,,,,,,,,,,,,,,,,,00,00,,,"000123199,000","0000000576,120",,
151707150084952,0001,outros,0000002,tupy bv,tupy bv,,,,,,,,,,,,,,,,,,,,,,,,,,,,,,,,,,,,,,,,,,,,,,,,,,,,,00,00,,,"000042467,000","0000000300,540",,
151707151483869,0001,caixa de madeira,0000001,cnh industrial latin america ltda,spare parts,,,,,,,,,,,,,,,,,,,,,,,,,,,,,,,,,,,,,,,,,,,,,,,,,,,,,00,00,,,"000000018,000","0000000000,070",,
151707151484083,0001,pallets,0000001,caterpillar brasil ltda,machinery,,,,,,,,,,,,,,,,,,,,,,,,,,,,,,,,,,,,,,,,,,,,,,,,,,,,,00,00,,,"000002280,000","0000000008,920",,
151707151485802,0001,caixa de outros materiais,0000001,caterpillar brasil ltda,machinery,,,,,,,,,,,,,,,,,,,,,,,,,,,,,,,,,,,,,,,,,,,,,,,,,,,,,00,00,,,"000001280,000","0000000002,920",,
151707151485993,0001,caixa de outros materiais,0000001,caterpillar brasil ltda,machinery,,,,,,,,,,,,,,,,,,,,,,,,,,,,,,,,,,,,,,,,,,,,,,,,,,,,,00,00,,,"000001280,000","0000000002,920",,
151707151486884,0001,caixa de outros materiais,0000003,caterpillar brasil ltda,machinery,,,,,,,,,,,,,,,,,,,,,,,,,,,,,,,,,,,,,,,,,,,,,,,,,,,,,00,00,,,"000005430,000","0000000014,190",,
151707151518247,0002,peca,0000003,cnh industrial brasil ltda,pecas,,,,,,,,,,,,,,,,,,,,,,,,,,,,,,,,,,,,,,,,,,,,,,,,,,,,,00,00,,,"000002918,000","0000000004,080",,
151707151281727,0001,outros,0000001,caterpillar brasil ltda,machinery,,,,,,,,,,,,,,,,,,,,,,,,,,,,,,,,,,,,,,,,,,,,,,,,,,,,,00,00,,,"000000122,000","0000000000,843",,
151707151280917,0001,caixa de outros materiais,0000030,caterpillar brasil ltda,machinery,,,,,,,,,,,,,,,,,,,,,,,,,,,,,,,,,,,,,,,,,,,,,,,,,,,,,00,00,,,"000052390,000","0000000132,000",,
151707151281050,0001,caixa de outros materiais,0000030,caterpillar brasil ltda,machinery,,,,,,,,,,,,,,,,,,,,,,,,,,,,,,,,,,,,,,,,,,,,,,,,,,,,,00,00,,,"000054195,000","0000000132,000",,
151707151281131,0001,caixa de outros materiais,0000030,caterpillar brasil ltda,machinery,,,,,,,,,,,,,,,,,,,,,,,,,,,,,,,,,,,,,,,,,,,,,,,,,,,,,00,00,,,"000052390,000","0000000132,000",,
151707150901594,0001,outros,0003500,.,.,,,,,,,,,,,,,,,,,,,,,,,,,,,,,,,,,,,,,,,,,,,,,,,,,,,,,00,00,,,"007000000,000","0000000000,000",,
151707151659908,0002,outros,0000001,caterpillar inc.,pallet blade,,,,,,,,,,,,,,,,,,,,,,,,,,,,,,,,,,,,,,,,,,,,,,,,,,,,,00,00,,,"000001090,000","0000000002,730",,
151707151660078,0003,outros,0000001,caterpillar inc.,pallet blade,,,,,,,,,,,,,,,,,,,,,,,,,,,,,,,,,,,,,,,,,,,,,,,,,,,,,00,00,,,"000001090,000","0000000002,730",,
151707151660078,0004,outros,0000001,caterpillar inc.,pallet blade,,,,,,,,,,,,,,,,,,,,,,,,,,,,,,,,,,,,,,,,,,,,,,,,,,,,,00,00,,,"000001200,000","0000000003,840",,
151707151660159,0004,outros,0000001,caterpillar inc.,pallet blade,,,,,,,,,,,,,,,,,,,,,,,,,,,,,,,,,,,,,,,,,,,,,,,,,,,,,00,00,,,"000001090,000","0000000002,730",,
151707151660159,0005,outros,0000001,caterpillar inc.,pallet blade,,,,,,,,,,,,,,,,,,,,,,,,,,,,,,,,,,,,,,,,,,,,,,,,,,,,,00,00,,,"000001090,000","0000000002,730",,
151707151660159,0006,outros,0000001,caterpillar inc.,pallet blade,,,,,,,,,,,,,,,,,,,,,,,,,,,,,,,,,,,,,,,,,,,,,,,,,,,,,00,00,,,"000001200,000","0000000003,840",,
151707151660230,0003,outros,0000001,caterpillar inc.,pallet blade,,,,,,,,,,,,,,,,,,,,,,,,,,,,,,,,,,,,,,,,,,,,,,,,,,,,,00,00,,,"000001340,000","0000000003,740",,
151707151660230,0004,outros,0000001,caterpillar inc.,pallet blade,,,,,,,,,,,,,,,,,,,,,,,,,,,,,,,,,,,,,,,,,,,,,,,,,,,,,00,00,,,"000001340,000","0000000003,740",,
151707151660310,0003,outros,0000001,caterpillar inc.,pallet blade,,,,,,,,,,,,,,,,,,,,,,,,,,,,,,,,,,,,,,,,,,,,,,,,,,,,,00,00,,,"000001340,000","0000000003,740",,
151707151660310,0004,outros,0000001,caterpillar inc.,pallet blade,,,,,,,,,,,,,,,,,,,,,,,,,,,,,,,,,,,,,,,,,,,,,,,,,,,,,00,00,,,"000001340,000","0000000003,740",,
151707151660400,0003,outros,0000001,caterpillar inc.,pallet blade,,,,,,,,,,,,,,,,,,,,,,,,,,,,,,,,,,,,,,,,,,,,,,,,,,,,,00,00,,,"000001340,000","0000000003,740",,
151707151660400,0004,outros,0000001,caterpillar inc.,pallet blade,,,,,,,,,,,,,,,,,,,,,,,,,,,,,,,,,,,,,,,,,,,,,,,,,,,,,00,00,,,"000001110,000","0000000002,500",,
151707151660663,0001,outros,0000001,caterpillar inc.,d8t miscellaneous,,,,,,,,,,,,,,,,,,,,,,,,,,,,,,,,,,,,,,,,,,,,,,,,,,,,,00,00,,,"000000615,000","0000000000,770",,
151707151660744,0002,outros,0000001,caterpillar inc.,box,,,,,,,,,,,,,,,,,,,,,,,,,,,,,,,,,,,,,,,,,,,,,,,,,,,,,00,00,,,"000000890,000","0000000001,180",,
151707151660744,0003,outros,0000001,caterpillar inc.,box,,,,,,,,,,,,,,,,,,,,,,,,,,,,,,,,,,,,,,,,,,,,,,,,,,,,,00,00,,,"000000056,000","0000000000,180",,
151707151660744,0004,outros,0000001,caterpillar inc.,pieve blade,,,,,,,,,,,,,,,,,,,,,,,,,,,,,,,,,,,,,,,,,,,,,,,,,,,,,00,00,,,"000004010,000","0000000014,370",,
151707151660744,0005,outros,0000001,caterpillar inc.,pallet push,,,,,,,,,,,,,,,,,,,,,,,,,,,,,,,,,,,,,,,,,,,,,,,,,,,,,00,00,,,"000001270,000","0000000002,440",,
151707151660825,0002,outros,0000001,caterpillar inc.,box,,,,,,,,,,,,,,,,,,,,,,,,,,,,,,,,,,,,,,,,,,,,,,,,,,,,,00,00,,,"000000707,000","0000000000,810",,
151707151660825,0003,outros,0000001,caterpillar inc.,box,,,,,,,,,,,,,,,,,,,,,,,,,,,,,,,,,,,,,,,,,,,,,,,,,,,,,00,00,,,"000003540,000","0000000010,650",,
151707151660825,0004,outros,0000001,caterpillar inc.,pallet push,,,,,,,,,,,,,,,,,,,,,,,,,,,,,,,,,,,,,,,,,,,,,,,,,,,,,00,00,,,"000001000,000","0000000001,800",,
151707151660825,0005,outros,0000001,caterpillar inc.,piece blade,,,,,,,,,,,,,,,,,,,,,,,,,,,,,,,,,,,,,,,,,,,,,,,,,,,,,00,00,,,"000000056,000","0000000000,180",,
151707151660906,0003,outros,0000001,caterpillar inc.,piece blade,,,,,,,,,,,,,,,,,,,,,,,,,,,,,,,,,,,,,,,,,,,,,,,,,,,,,00,00,,,"000003540,000","0000000010,650",,
151707151660906,0004,outros,0000001,caterpillar inc.,pallet,,,,,,,,,,,,,,,,,,,,,,,,,,,,,,,,,,,,,,,,,,,,,,,,,,,,,00,00,,,"000001000,000","0000000001,800",,
151707151660906,0005,outros,0000001,caterpillar inc.,box,,,,,,,,,,,,,,,,,,,,,,,,,,,,,,,,,,,,,,,,,,,,,,,,,,,,,00,00,,,"000000707,000","0000000000,810",,
151707151660906,0006,outros,0000001,caterpillar inc.,box,,,,,,,,,,,,,,,,,,,,,,,,,,,,,,,,,,,,,,,,,,,,,,,,,,,,,00,00,,,"000000056,000","0000000000,180",,
151707151660906,0007,outros,0000001,caterpillar inc.,box,,,,,,,,,,,,,,,,,,,,,,,,,,,,,,,,,,,,,,,,,,,,,,,,,,,,,00,00,,,"000000057,000","0000000000,150",,
151707151660906,0008,outros,0000001,caterpillar inc.,piece blade,,,,,,,,,,,,,,,,,,,,,,,,,,,,,,,,,,,,,,,,,,,,,,,,,,,,,00,00,,,"000003540,000","0000000010,820",,
151707151660906,0009,outros,0000001,caterpillar inc.,box,,,,,,,,,,,,,,,,,,,,,,,,,,,,,,,,,,,,,,,,,,,,,,,,,,,,,00,00,,,"000000056,000","0000000000,180",,
151707151660906,0010,outros,0000001,caterpillar inc.,box,,,,,,,,,,,,,,,,,,,,,,,,,,,,,,,,,,,,,,,,,,,,,,,,,,,,,00,00,,,"000000707,000","0000000000,810",,
151707151660906,0011,outros,0000001,caterpillar inc.,pallet,,,,,,,,,,,,,,,,,,,,,,,,,,,,,,,,,,,,,,,,,,,,,,,,,,,,,00,00,,,"000001000,000","0000000001,800",,
151707151661040,0002,outros,0000001,caterpillar inc.,pallet blade,,,,,,,,,,,,,,,,,,,,,,,,,,,,,,,,,,,,,,,,,,,,,,,,,,,,,00,00,,,"000001340,000","0000000003,740",,
151707151557064,0001,outros,0000001,mac cargo,01 piece forged steel back up roll,,,,,,,,,,,,,,,,,,,,,,,,,,,,,,,,,,,,,,,,,,,,,,,,,,,,,00,00,,,"000045632,025","0000000014,882",,
